rate,frequency,resonance,mix,probe,measured_db,analytic_db,error_db
44100,40,0,0,20,0,0,0
44100,40,0,0,39.9819,0,0,0
44100,40,0,0,60,0,0,0
44100,40,0,0,18949.2,0,0,0
44100,40,0,0.5,20,10.5914,10.5915,7.55863e-06
44100,40,0,0.5,39.9819,-5.28865,-5.28865,4.29433e-09
44100,40,0,0.5,60,10.5578,10.5579,7.45959e-06
44100,40,0,0.5,18949.2,-4.64734,-4.64734,2.68339e-08
44100,40,0,1,20,15.2244,15.2244,8.86536e-06
44100,40,0,1,39.9819,-21.1181,-21.1181,6.94147e-08
44100,40,0,1,60,15.1891,15.1891,8.9009e-06
44100,40,0,1,18949.2,-15.26,-15.26,8.49323e-08
44100,40,0.5,0,20,0,0,0
44100,40,0.5,0,39.9819,0,0,0
44100,40,0.5,0,60,0,0,0
44100,40,0.5,0,18949.2,0,0,0
44100,40,0.5,0.5,20,0,0,0
44100,40,0.5,0.5,39.9819,0,0,0
44100,40,0.5,0.5,60,0,0,0
44100,40,0.5,0.5,18949.2,0,0,0
44100,40,0.5,1,20,0,0,0
44100,40,0.5,1,39.9819,0,0,0
44100,40,0.5,1,60,0,0,0
44100,40,0.5,1,18949.2,0,0,0
44100,40,1,0,20,0,0,0
44100,40,1,0,39.9819,0,0,0
44100,40,1,0,60,0,0,0
44100,40,1,0,18949.2,0,0,0
44100,40,1,0.5,20,-5.28865,-5.28865,8.03665e-09
44100,40,1,0.5,39.9819,10.5878,10.5878,1.34699e-05
44100,40,1,0.5,60,-5.28864,-5.28864,1.83141e-08
44100,40,1,0.5,18949.2,-4.66018,-4.66018,1.34188e-08
44100,40,1,1,20,-21.1181,-21.1181,1.2851e-07
44100,40,1,1,39.9819,15.2204,15.2204,1.58216e-05
44100,40,1,1,60,-21.118,-21.118,2.19236e-07
44100,40,1,1,18949.2,-15.3494,-15.3494,6.80066e-08
44100,370,0,0,184.519,0,0,0
44100,370,0,0,370.371,0,0,0
44100,370,0,0,555.557,0,0,0
44100,370,0,0,18949.2,0,0,0
44100,370,0,0.5,184.519,10.5494,10.5494,9.3804e-06
44100,370,0,0.5,370.371,-5.28838,-5.28838,9.8193e-09
44100,370,0,0.5,555.557,7.07104,7.07104,1.99905e-06
44100,370,0,0.5,18949.2,-4.92353,-4.92353,2.58891e-08
44100,370,0,1,184.519,15.1745,15.1745,1.09947e-05
44100,370,0,1,370.371,-21.1142,-21.1142,1.22079e-07
44100,370,0,1,555.557,11.4979,11.4979,1.51133e-06
44100,370,0,1,18949.2,-17.1244,-17.1244,1.86198e-07
44100,370,0.5,0,184.519,0,0,0
44100,370,0.5,0,370.371,0,0,0
44100,370,0.5,0,555.557,0,0,0
44100,370,0.5,0,18949.2,0,0,0
44100,370,0.5,0.5,184.519,0,0,0
44100,370,0.5,0.5,370.371,0,0,0
44100,370,0.5,0.5,555.557,0,0,0
44100,370,0.5,0.5,18949.2,0,0,0
44100,370,0.5,1,184.519,0,0,0
44100,370,0.5,1,370.371,0,0,0
44100,370,0.5,1,555.557,0,0,0
44100,370,0.5,1,18949.2,0,0,0
44100,370,1,0,184.519,0,0,0
44100,370,1,0,370.371,0,0,0
44100,370,1,0,555.557,0,0,0
44100,370,1,0,18949.2,0,0,0
44100,370,1,0.5,184.519,-5.28858,-5.28858,2.15227e-08
44100,370,1,0.5,370.371,8.63169,8.63168,5.486e-06
44100,370,1,0.5,555.557,-5.28803,-5.28803,7.55332e-09
44100,370,1,0.5,18949.2,-4.54119,-4.54119,2.36074e-08
44100,370,1,1,184.519,-21.1173,-21.1173,1.85694e-07
44100,370,1,1,370.371,13.1718,13.1718,6.73211e-06
44100,370,1,1,555.557,-21.1094,-21.1094,8.90003e-08
44100,370,1,1,18949.2,-14.033,-14.033,9.3518e-08
44100,2000,0,0,1002.97,0,0,0
44100,2000,0,0,2007.27,0,0,0
44100,2000,0,0,3008.91,0,0,0
44100,2000,0,0,18949.2,0,0,0
44100,2000,0,0.5,1002.97,4.68135,4.68135,4.21286e-07
44100,2000,0,0.5,2007.27,-5.28222,-5.28222,7.86318e-09
44100,2000,0,0.5,3008.91,-0.993784,-0.993784,6.55778e-08
44100,2000,0,0.5,18949.2,-3.34373,-3.34373,5.68032e-09
44100,2000,0,1,1002.97,8.81134,8.81134,5.24203e-07
44100,2000,0,1,2007.27,-21.0276,-21.0276,7.53229e-08
44100,2000,0,1,3008.91,0.578727,0.578727,9.65854e-08
44100,2000,0,1,18949.2,-8.69742,-8.69742,8.0177e-08
44100,2000,0.5,0,1002.97,0,0,0
44100,2000,0.5,0,2007.27,0,0,0
44100,2000,0.5,0,3008.91,0,0,0
44100,2000,0.5,0,18949.2,0,0,0
44100,2000,0.5,0.5,1002.97,0,0,0
44100,2000,0.5,0.5,2007.27,0,0,0
44100,2000,0.5,0.5,3008.91,0,0,0
44100,2000,0.5,0.5,18949.2,0,0,0
44100,2000,0.5,1,1002.97,0,0,0
44100,2000,0.5,1,2007.27,0,0,0
44100,2000,0.5,1,3008.91,0,0,0
44100,2000,0.5,1,18949.2,0,0,0
44100,2000,1,0,1002.97,0,0,0
44100,2000,1,0,2007.27,0,0,0
44100,2000,1,0,3008.91,0,0,0
44100,2000,1,0,18949.2,0,0,0
44100,2000,1,0.5,1002.97,-5.28702,-5.28702,6.5072e-10
44100,2000,1,0.5,2007.27,0.573316,0.573316,8.9634e-08
44100,2000,1,0.5,3008.91,-5.27457,-5.27457,4.73268e-09
44100,2000,1,0.5,18949.2,-5.0984,-5.0984,7.80915e-09
44100,2000,1,1,1002.97,-21.0953,-21.0953,3.88117e-08
44100,2000,1,1,2007.27,3.44063,3.44063,7.53349e-08
44100,2000,1,1,3008.91,-20.9239,-20.9239,8.87511e-08
44100,2000,1,1,18949.2,-18.9974,-18.9974,2.07039e-07
48000,40,0,0,20,0,0,0
48000,40,0,0,40,0,0,0
48000,40,0,0,60,0,0,0
48000,40,0,0,20625,0,0,0
48000,40,0,0.5,20,10.5911,10.5911,1.22646e-05
48000,40,0,0.5,40,-5.28865,-5.28865,6.0029e-09
48000,40,0,0.5,60,10.555,10.555,9.53198e-06
48000,40,0,0.5,20625,-4.49908,-4.49908,1.97646e-08
48000,40,0,1,20,15.2241,15.2241,1.44e-05
48000,40,0,1,40,-21.1181,-21.1181,4.81098e-08
48000,40,0,1,60,15.1865,15.1865,1.13714e-05
48000,40,0,1,20625,-12.9799,-12.9799,5.98061e-08
48000,40,0.5,0,20,0,0,0
48000,40,0.5,0,40,0,0,0
48000,40,0.5,0,60,0,0,0
48000,40,0.5,0,20625,0,0,0
48000,40,0.5,0.5,20,0,0,0
48000,40,0.5,0.5,40,0,0,0
48000,40,0.5,0.5,60,0,0,0
48000,40,0.5,0.5,20625,0,0,0
48000,40,0.5,1,20,0,0,0
48000,40,0.5,1,40,0,0,0
48000,40,0.5,1,60,0,0,0
48000,40,0.5,1,20625,0,0,0
48000,40,1,0,20,0,0,0
48000,40,1,0,40,0,0,0
48000,40,1,0,60,0,0,0
48000,40,1,0,20625,0,0,0
48000,40,1,0.5,20,-5.28865,-5.28865,1.55188e-08
48000,40,1,0.5,40,10.5775,10.5776,1.16647e-05
48000,40,1,0.5,60,-5.28864,-5.28864,1.1747e-08
48000,40,1,0.5,20625,-5.07028,-5.07028,4.62172e-08
48000,40,1,1,20,-21.1181,-21.1181,1.41973e-07
48000,40,1,1,40,15.2099,15.21,1.37297e-05
48000,40,1,1,60,-21.118,-21.118,1.14743e-07
48000,40,1,1,20625,-18.3585,-18.3585,1.11424e-07
48000,370,0,0,184.615,0,0,0
48000,370,0,0,369.231,0,0,0
48000,370,0,0,556.034,0,0,0
48000,370,0,0,20625,0,0,0
48000,370,0,0.5,184.615,10.5246,10.5246,1.04537e-05
48000,370,0,0.5,369.231,-5.28837,-5.28837,6.26923e-09
48000,370,0,0.5,556.034,5.83712,5.83712,4.10834e-06
48000,370,0,0.5,20625,-4.84581,-4.84581,6.06307e-09
48000,370,0,1,184.615,15.1487,15.1487,1.24144e-05
48000,370,0,1,369.231,-21.1146,-21.1146,4.41347e-08
48000,370,0,1,556.034,10.1732,10.1732,4.7616e-06
48000,370,0,1,20625,-16.6165,-16.6165,1.60785e-07
48000,370,0.5,0,184.615,0,0,0
48000,370,0.5,0,369.231,0,0,0
48000,370,0.5,0,556.034,0,0,0
48000,370,0.5,0,20625,0,0,0
48000,370,0.5,0.5,184.615,0,0,0
48000,370,0.5,0.5,369.231,0,0,0
48000,370,0.5,0.5,556.034,0,0,0
48000,370,0.5,0.5,20625,0,0,0
48000,370,0.5,1,184.615,0,0,0
48000,370,0.5,1,369.231,0,0,0
48000,370,0.5,1,556.034,0,0,0
48000,370,0.5,1,20625,0,0,0
48000,370,1,0,184.615,0,0,0
48000,370,1,0,369.231,0,0,0
48000,370,1,0,556.034,0,0,0
48000,370,1,0,20625,0,0,0
48000,370,1,0.5,184.615,-5.28858,-5.28858,2.78349e-08
48000,370,1,0.5,369.231,10.3184,10.3184,9.2979e-07
48000,370,1,0.5,556.034,-5.288,-5.288,4.2897e-09
48000,370,1,0.5,20625,-4.5163,-4.5163,3.54012e-08
48000,370,1,1,184.615,-21.1172,-21.1172,2.61809e-07
48000,370,1,1,369.231,14.9156,14.9156,7.74829e-07
48000,370,1,1,556.034,-21.1082,-21.1082,3.7388e-08
48000,370,1,1,20625,-14.1816,-14.1816,2.29043e-07
48000,2000,0,0,1000,0,0,0
48000,2000,0,0,2000,0,0,0
48000,2000,0,0,3000,0,0,0
48000,2000,0,0,20625,0,0,0
48000,2000,0,0.5,1000,5.3473,5.3473,4.03119e-06
48000,2000,0,0.5,2000,-5.28282,-5.28282,1.66229e-08
48000,2000,0,0.5,3000,-0.430544,-0.430544,5.53527e-07
48000,2000,0,0.5,20625,-4.6916,-4.6916,3.5773e-08
48000,2000,0,1,1000,9.55866,9.55866,4.84998e-06
48000,2000,0,1,2000,-21.038,-21.038,2.07337e-07
48000,2000,0,1,3000,1.52875,1.52875,8.7517e-07
48000,2000,0,1,20625,-14.2285,-14.2285,7.31794e-08
48000,2000,0.5,0,1000,0,0,0
48000,2000,0.5,0,2000,0,0,0
48000,2000,0.5,0,3000,0,0,0
48000,2000,0.5,0,20625,0,0,0
48000,2000,0.5,0.5,1000,0,0,0
48000,2000,0.5,0.5,2000,0,0,0
48000,2000,0.5,0.5,3000,0,0,0
48000,2000,0.5,0.5,20625,0,0,0
48000,2000,0.5,1,1000,0,0,0
48000,2000,0.5,1,2000,0,0,0
48000,2000,0.5,1,3000,0,0,0
48000,2000,0.5,1,20625,0,0,0
48000,2000,1,0,1000,0,0,0
48000,2000,1,0,2000,0,0,0
48000,2000,1,0,3000,0,0,0
48000,2000,1,0,20625,0,0,0
48000,2000,1,0.5,1000,-5.28717,-5.28717,5.23431e-08
48000,2000,1,0.5,2000,1.45679,1.45679,6.67476e-08
48000,2000,1,0.5,3000,-5.27586,-5.27586,9.37536e-08
48000,2000,1,0.5,20625,-5.04374,-5.04374,4.27744e-10
48000,2000,1,1,1000,-21.0976,-21.0976,5.02488e-07
48000,2000,1,1,2000,4.64026,4.64026,4.59043e-08
48000,2000,1,1,3000,-20.9443,-20.9443,1.1262e-06
48000,2000,1,1,20625,-17.9175,-17.9175,8.20483e-08
96000,40,0,0,20,0,0,0
96000,40,0,0,40,0,0,0
96000,40,0,0,60,0,0,0
96000,40,0,0,41250,0,0,0
96000,40,0,0.5,20,10.5863,10.5863,1.21504e-05
96000,40,0,0.5,40,-5.28865,-5.28865,1.54258e-09
96000,40,0,0.5,60,10.5123,10.5123,6.8593e-07
96000,40,0,0.5,41250,-4.69159,-4.69159,2.47723e-09
96000,40,0,1,20,15.2191,15.2191,1.42772e-05
96000,40,0,1,40,-21.1181,-21.1181,2.00737e-08
96000,40,0,1,60,15.1426,15.1426,1.15756e-06
96000,40,0,1,41250,-15.2542,-15.2542,5.97717e-08
96000,40,0.5,0,20,0,0,0
96000,40,0.5,0,40,0,0,0
96000,40,0.5,0,60,0,0,0
96000,40,0.5,0,41250,0,0,0
96000,40,0.5,0.5,20,0,0,0
96000,40,0.5,0.5,40,0,0,0
96000,40,0.5,0.5,60,0,0,0
96000,40,0.5,0.5,41250,0,0,0
96000,40,0.5,1,20,0,0,0
96000,40,0.5,1,40,0,0,0
96000,40,0.5,1,60,0,0,0
96000,40,0.5,1,41250,0,0,0
96000,40,1,0,20,0,0,0
96000,40,1,0,40,0,0,0
96000,40,1,0,60,0,0,0
96000,40,1,0,41250,0,0,0
96000,40,1,0.5,20,-5.28865,-5.28865,1.71156e-08
96000,40,1,0.5,40,10.5584,10.5584,9.36881e-06
96000,40,1,0.5,60,-5.28864,-5.28864,6.50676e-10
96000,40,1,0.5,41250,-4.78579,-4.78579,2.25343e-08
96000,40,1,1,20,-21.1181,-21.1181,2.03605e-07
96000,40,1,1,40,15.1902,15.1903,1.11226e-05
96000,40,1,1,60,-21.118,-21.118,3.7299e-09
96000,40,1,1,41250,-15.9994,-15.9994,9.18677e-08
96000,370,0,0,184.971,0,0,0
96000,370,0,0,369.231,0,0,0
96000,370,0,0,554.913,0,0,0
96000,370,0,0,41250,0,0,0
96000,370,0,0.5,184.971,9.90907,9.90908,3.19511e-06
96000,370,0,0.5,369.231,-5.2884,-5.2884,5.92753e-09
96000,370,0,0.5,554.913,6.6722,6.67219,5.33329e-06
96000,370,0,0.5,41250,-4.53359,-4.53359,2.8808e-09
96000,370,0,1,184.971,14.5163,14.5163,3.46869e-06
96000,370,0,1,369.231,-21.1149,-21.1149,9.06603e-08
96000,370,0,1,554.913,11.0783,11.0782,6.55039e-06
96000,370,0,1,41250,-14.5752,-14.5752,4.52814e-08
96000,370,0.5,0,184.971,0,0,0
96000,370,0.5,0,369.231,0,0,0
96000,370,0.5,0,554.913,0,0,0
96000,370,0.5,0,41250,0,0,0
96000,370,0.5,0.5,184.971,0,0,0
96000,370,0.5,0.5,369.231,0,0,0
96000,370,0.5,0.5,554.913,0,0,0
96000,370,0.5,0.5,41250,0,0,0
96000,370,0.5,1,184.971,0,0,0
96000,370,0.5,1,369.231,0,0,0
96000,370,0.5,1,554.913,0,0,0
96000,370,0.5,1,41250,0,0,0
96000,370,1,0,184.971,0,0,0
96000,370,1,0,369.231,0,0,0
96000,370,1,0,554.913,0,0,0
96000,370,1,0,41250,0,0,0
96000,370,1,0.5,184.971,-5.28859,-5.28859,4.74585e-09
96000,370,1,0.5,369.231,9.77635,9.77635,2.46122e-06
96000,370,1,0.5,554.913,-5.28808,-5.28808,7.0844e-09
96000,370,1,0.5,41250,-4.72048,-4.72048,9.55529e-09
96000,370,1,1,184.971,-21.1172,-21.1172,4.62628e-08
96000,370,1,1,369.231,14.3606,14.3606,2.32556e-06
96000,370,1,1,554.913,-21.1097,-21.1097,1.00009e-07
96000,370,1,1,41250,-15.8379,-15.8379,1.03339e-07
96000,2000,0,0,1000,0,0,0
96000,2000,0,0,2000,0,0,0
96000,2000,0,0,3000,0,0,0
96000,2000,0,0,41250,0,0,0
96000,2000,0,0.5,1000,3.16749,3.16749,2.11876e-06
96000,2000,0,0.5,2000,-5.28204,-5.28204,6.02843e-10
96000,2000,0,0.5,3000,-2.17499,-2.17499,2.16144e-07
96000,2000,0,0.5,41250,-4.46774,-4.46774,1.08675e-08
96000,2000,0,1,1000,7.08912,7.08912,1.83472e-06
96000,2000,0,1,2000,-21.0187,-21.0187,3.17201e-08
96000,2000,0,1,3000,-1.49775,-1.49775,5.65178e-07
96000,2000,0,1,41250,-13.8281,-13.8281,8.49069e-08
96000,2000,0.5,0,1000,0,0,0
96000,2000,0.5,0,2000,0,0,0
96000,2000,0.5,0,3000,0,0,0
96000,2000,0.5,0,41250,0,0,0
96000,2000,0.5,0.5,1000,0,0,0
96000,2000,0.5,0.5,2000,0,0,0
96000,2000,0.5,0.5,3000,0,0,0
96000,2000,0.5,0.5,41250,0,0,0
96000,2000,0.5,1,1000,0,0,0
96000,2000,0.5,1,2000,0,0,0
96000,2000,0.5,1,3000,0,0,0
96000,2000,0.5,1,41250,0,0,0
96000,2000,1,0,1000,0,0,0
96000,2000,1,0,2000,0,0,0
96000,2000,1,0,3000,0,0,0
96000,2000,1,0,41250,0,0,0
96000,2000,1,0.5,1000,-5.28698,-5.28698,3.05014e-08
96000,2000,1,0.5,2000,-0.630512,-0.630512,7.10072e-08
96000,2000,1,0.5,3000,-5.27406,-5.27406,2.4932e-08
96000,2000,1,0.5,41250,-4.88395,-4.88395,4.89126e-10
96000,2000,1,1,1000,-21.0928,-21.0928,3.21379e-07
96000,2000,1,1,2000,1.71895,1.71895,1.69014e-07
96000,2000,1,1,3000,-20.9017,-20.9017,3.13699e-07
96000,2000,1,1,41250,-16.9188,-16.9188,1.04697e-07
192000,40,0,0,20,0,0,0
192000,40,0,0,40,0,0,0
192000,40,0,0,60,0,0,0
192000,40,0,0,82500,0,0,0
192000,40,0,0.5,20,10.5825,10.5825,1.13781e-05
192000,40,0,0.5,40,-5.28865,-5.28865,2.15696e-09
192000,40,0,0.5,60,10.4785,10.4785,4.93199e-06
192000,40,0,0.5,82500,-4.39409,-4.39409,8.77696e-10
192000,40,0,1,20,15.2152,15.2152,1.33973e-05
192000,40,0,1,40,-21.1181,-21.1181,2.51654e-08
192000,40,0,1,60,15.1079,15.1079,5.39918e-06
192000,40,0,1,82500,-13.7207,-13.7207,3.12689e-08
192000,40,0.5,0,20,0,0,0
192000,40,0.5,0,40,0,0,0
192000,40,0.5,0,60,0,0,0
192000,40,0.5,0,82500,0,0,0
192000,40,0.5,0.5,20,0,0,0
192000,40,0.5,0.5,40,0,0,0
192000,40,0.5,0.5,60,0,0,0
192000,40,0.5,0.5,82500,0,0,0
192000,40,0.5,1,20,0,0,0
192000,40,0.5,1,40,0,0,0
192000,40,0.5,1,60,0,0,0
192000,40,0.5,1,82500,0,0,0
192000,40,1,0,20,0,0,0
192000,40,1,0,40,0,0,0
192000,40,1,0,60,0,0,0
192000,40,1,0,82500,0,0,0
192000,40,1,0.5,20,-5.28865,-5.28865,4.57817e-09
192000,40,1,0.5,40,10.5432,10.5432,5.64746e-06
192000,40,1,0.5,60,-5.28864,-5.28864,7.25297e-10
192000,40,1,0.5,82500,-4.81244,-4.81244,2.30085e-08
192000,40,1,1,20,-21.1181,-21.1181,3.60969e-08
192000,40,1,1,40,15.1746,15.1746,6.82918e-06
192000,40,1,1,60,-21.118,-21.118,4.66463e-09
192000,40,1,1,82500,-16.5202,-16.5202,3.77505e-08
192000,370,0,0,184.971,0,0,0
192000,370,0,0,369.942,0,0,0
192000,370,0,0,554.913,0,0,0
192000,370,0,0,82500,0,0,0
192000,370,0,0.5,184.971,9.65252,9.65253,1.03265e-05
192000,370,0,0.5,369.942,-5.28841,-5.28841,1.32329e-08
192000,370,0,0.5,554.913,5.75129,5.7513,6.14553e-06
192000,370,0,0.5,82500,-4.78772,-4.78772,1.04852e-08
192000,370,0,1,184.971,14.252,14.252,1.21983e-05
192000,370,0,1,369.942,-21.1143,-21.1143,1.27056e-07
192000,370,0,1,554.913,10.0915,10.0916,6.94704e-06
192000,370,0,1,82500,-16.3321,-16.3321,2.93095e-07
192000,370,0.5,0,184.971,0,0,0
192000,370,0.5,0,369.942,0,0,0
192000,370,0.5,0,554.913,0,0,0
192000,370,0.5,0,82500,0,0,0
192000,370,0.5,0.5,184.971,0,0,0
192000,370,0.5,0.5,369.942,0,0,0
192000,370,0.5,0.5,554.913,0,0,0
192000,370,0.5,0.5,82500,0,0,0
192000,370,0.5,1,184.971,0,0,0
192000,370,0.5,1,369.942,0,0,0
192000,370,0.5,1,554.913,0,0,0
192000,370,0.5,1,82500,0,0,0
192000,370,1,0,184.971,0,0,0
192000,370,1,0,369.942,0,0,0
192000,370,1,0,554.913,0,0,0
192000,370,1,0,82500,0,0,0
192000,370,1,0.5,184.971,-5.28859,-5.28859,1.27311e-08
192000,370,1,0.5,369.942,7.70125,7.70126,7.4222e-06
192000,370,1,0.5,554.913,-5.28811,-5.28811,1.25024e-08
192000,370,1,0.5,82500,-4.43625,-4.43625,1.40514e-08
192000,370,1,1,184.971,-21.1172,-21.1172,1.27008e-07
192000,370,1,1,369.942,12.2015,12.2016,8.84927e-06
192000,370,1,1,554.913,-21.1095,-21.1095,1.57322e-07
192000,370,1,1,82500,-13.9717,-13.9717,7.57743e-08
192000,2000,0,0,1000,0,0,0
192000,2000,0,0,2000,0,0,0
192000,2000,0,0,3000,0,0,0
192000,2000,0,0,82500,0,0,0
192000,2000,0,0.5,1000,2.09011,2.09011,9.73079e-07
192000,2000,0,0.5,2000,-5.28176,-5.28176,3.2335e-09
192000,2000,0,0.5,3000,-2.85427,-2.85427,9.92099e-08
192000,2000,0,0.5,82500,-4.62613,-4.62613,3.69754e-08
192000,2000,0,1,1000,5.80111,5.80111,4.35001e-07
192000,2000,0,1,2000,-21.0075,-21.0075,9.84154e-08
192000,2000,0,1,3000,-2.9567,-2.9567,2.44762e-07
192000,2000,0,1,82500,-15.0826,-15.0826,2.88175e-08
192000,2000,0.5,0,1000,0,0,0
192000,2000,0.5,0,2000,0,0,0
192000,2000,0.5,0,3000,0,0,0
192000,2000,0.5,0,82500,0,0,0
192000,2000,0.5,0.5,1000,0,0,0
192000,2000,0.5,0.5,2000,0,0,0
192000,2000,0.5,0.5,3000,0,0,0
192000,2000,0.5,0.5,82500,0,0,0
192000,2000,0.5,1,1000,0,0,0
192000,2000,0.5,1,2000,0,0,0
192000,2000,0.5,1,3000,0,0,0
192000,2000,0.5,1,82500,0,0,0
192000,2000,1,0,1000,0,0,0
192000,2000,1,0,2000,0,0,0
192000,2000,1,0,3000,0,0,0
192000,2000,1,0,82500,0,0,0
192000,2000,1,0.5,1000,-5.28691,-5.28691,1.39418e-08
192000,2000,1,0.5,2000,-1.51166,-1.51166,7.35237e-08
192000,2000,1,0.5,3000,-5.27341,-5.27341,6.10879e-09
192000,2000,1,0.5,82500,-4.69771,-4.69771,3.46309e-08
192000,2000,1,1,1000,-21.0899,-21.0899,3.50053e-08
192000,2000,1,1,2000,0.289772,0.289772,9.90291e-08
192000,2000,1,1,3000,-20.877,-20.877,7.47866e-08
192000,2000,1,1,82500,-15.5872,-15.5872,2.17135e-07
