rate,cutoff,resonance,probe,measured_db,analytic_db,error_db
44100,20,0,2,-0.08642735797,-0.08642736044,2.467303556e-09
44100,20,0,5,-0.5265781317,-0.5265781262,5.446248785e-09
44100,20,0,10,-1.938198493,-1.938198497,3.609861743e-09
44100,20,0,20,-6.020599915,-6.020599913,1.351070367e-09
44100,20,0,30,-10.2376774,-10.23767739,7.675952318e-09
44100,20,0,39.98186763,-13.97312756,-13.97312757,1.10255165e-08
44100,20,0,79.89130435,-24.58691599,-24.58691599,4.347931792e-09
44100,20,0,159.7826087,-36.23573907,-36.2357391,3.198535836e-08
44100,20,0.1000000015,2,0.02639465452,0.0263946508,3.718691466e-09
44100,20,0.1000000015,5,0.1528754281,0.1528754198,8.30351593e-09
44100,20,0.1000000015,10,0.4166513162,0.4166513184,2.283286227e-09
44100,20,0.1000000015,20,-1.411621425,-1.411621432,7.873496521e-09
44100,20,0.1000000015,30,-6.699396598,-6.6993966,2.265355015e-09
44100,20,0.1000000015,39.98186763,-11.61658214,-11.61658214,3.607135923e-09
44100,20,0.1000000015,79.89130435,-23.90570794,-23.90570793,7.532232615e-09
44100,20,0.1000000015,159.7826087,-36.05968619,-36.05968619,5.271161285e-10
44100,20,0.6000000238,2,0.08074602278,0.08074602421,1.42458631e-09
44100,20,0.6000000238,5,0.5151272739,0.5151272708,3.11639603e-09
44100,20,0.6000000238,10,2.222234261,2.222234256,4.557147104e-09
44100,20,0.6000000238,20,8.299467236,8.299467238,2.470837757e-09
44100,20,0.6000000238,30,-2.776894872,-2.776894869,2.659152454e-09
44100,20,0.6000000238,39.98186763,-9.808909864,-9.808909871,7.640073463e-09
44100,20,0.6000000238,79.89130435,-23.54240191,-23.5424019,2.893713713e-09
44100,20,0.6000000238,159.7826087,-35.97394204,-35.97394206,1.819462625e-08
44100,20,1,2,0.08452742484,0.08452742432,5.192291874e-10
44100,20,1,5,0.5413145618,0.5413145546,7.175224859e-09
44100,20,1,10,2.37977976,2.379779759,1.050866949e-09
44100,20,1,20,12.04119983,12.04119983,9.503153819e-10
44100,20,1,30,-2.312490099,-2.31249011,1.073594014e-08
44100,20,1,39.98186763,-9.6511374,-9.651137398,1.736674804e-09
44100,20,1,79.89130435,-23.51613494,-23.51613494,1.002042893e-10
44100,20,1,159.7826087,-35.96795336,-35.96795339,2.5806834e-08
44100,100,0,10,-0.08642459112,-0.08642459013,9.926365563e-10
44100,100,0,25,-0.5265625415,-0.5265625385,2.975534485e-09
44100,100,0,50,-1.938156079,-1.938156078,1.308981368e-09
44100,100,0,100,-6.020599632,-6.020599656,2.426807555e-08
44100,100,0,150,-10.23792117,-10.23792118,9.24742416e-09
44100,100,0,199.5475113,-13.94863665,-13.94863663,2.610509142e-08
44100,100,0,397.2972973,-24.50226171,-24.50226171,2.742890359e-09
44100,100,0,787.5,-36.00662365,-36.00662365,4.723467839e-09
44100,100,0.1000000015,10,0.02639381201,0.02639381203,1.494594726e-11
44100,100,0.1000000015,25,0.1528711909,0.1528712089,1.793679338e-08
44100,100,0.1000000015,50,0.4166479094,0.4166479356,2.621421824e-08
44100,100,0.1000000015,100,-1.411621177,-1.411621175,2.01675121e-09
44100,100,0.1000000015,150,-6.69972563,-6.699725615,1.447322173e-08
44100,100,0.1000000015,199.5475113,-11.58546789,-11.58546791,2.181587e-08
44100,100,0.1000000015,397.2972973,-23.81428214,-23.81428215,8.848612509e-09
44100,100,0.1000000015,787.5,-35.82584303,-35.82584303,3.398746173e-09
44100,100,0.6000000238,10,0.08074341572,0.08074341304,2.684383341e-09
44100,100,0.6000000238,25,0.5151111749,0.5151111679,6.92445945e-09
44100,100,0.6000000238,50,2.222174472,2.222174461,1.10875189e-08
44100,100,0.6000000238,100,8.299467511,8.299467495,1.581155296e-08
44100,100,0.6000000238,150,-2.777448325,-2.777448319,6.662639329e-09
44100,100,0.6000000238,199.5475113,-9.76961694,-9.769616934,5.497378552e-09
44100,100,0.6000000238,397.2972973,-23.44690113,-23.44690112,1.230656466e-08
44100,100,0.6000000238,787.5,-35.73772412,-35.73772407,4.706971168e-08
44100,100,1,10,0.08452469194,0.08452468901,2.927881243e-09
44100,100,1,25,0.5412975548,0.541297553,1.749290157e-09
44100,100,1,50,2.379713857,2.379713837,1.953094131e-08
44100,100,1,100,12.04120009,12.04120008,5.222767996e-09
44100,100,1,150,-2.313086135,-2.313086149,1.413519568e-08
44100,100,1,199.5475113,-9.61095484,-9.610954819,2.069737093e-08
44100,100,1,397.2972973,-23.42032599,-23.42032595,3.79911036e-08
44100,100,1,787.5,-35.73156773,-35.73156772,1.165391694e-08
44100,500,0,50,-0.08635545473,-0.08635546996,1.522427924e-08
44100,500,0,124.9291785,-0.5255952552,-0.5255952216,3.358820222e-08
44100,500,0,249.1525424,-1.925336131,-1.925336109,2.21803802e-08
44100,500,0,495.505618,-5.942460251,-5.942460229,2.193468163e-08
44100,500,0,747.4576271,-10.20314635,-10.20314632,2.969709989e-08
44100,500,0,980,-13.71637,-13.71637004,4.235271689e-08
44100,500,0,2037.228261,-25.01955446,-25.01955445,1.011445505e-08
44100,500,0,3962.109375,-36.55116598,-36.55116602,3.71419091e-08
44100,500,0.1000000015,50,0.02637291207,0.02637288417,2.790169365e-08
44100,500,0.1000000015,124.9291785,0.1526098459,0.1526098525,6.662518759e-09
44100,500,0.1000000015,249.1525424,0.4156101104,0.4156101589,4.853793822e-08
44100,500,0.1000000015,495.505618,-1.334152048,-1.334151999,4.982533586e-08
44100,500,0.1000000015,747.4576271,-6.652791411,-6.652791382,2.93743625e-08
44100,500,0.1000000015,980,-11.28957731,-11.28957735,4.127022457e-08
44100,500,0.1000000015,2037.228261,-24.37191608,-24.37191606,1.305680186e-08
44100,500,0.1000000015,3962.109375,-36.38141936,-36.38141936,9.761436104e-11
44100,500,0.6000000238,50,0.08067828046,0.08067826373,1.673036021e-08
44100,500,0.6000000238,124.9291785,0.5141119581,0.5141119854,2.729024784e-08
44100,500,0.6000000238,249.1525424,2.204129561,2.204129558,2.811787247e-09
44100,500,0.6000000238,495.505618,8.368381421,8.368381451,3.001487059e-08
44100,500,0.6000000238,747.4576271,-2.69833136,-2.698331308,5.238414014e-08
44100,500,0.6000000238,980,-9.393715149,-9.393715152,2.735097482e-09
44100,500,0.6000000238,2037.228261,-24.02866243,-24.02866245,1.626404966e-08
44100,500,0.6000000238,3962.109375,-36.298837,-36.29883698,1.637514657e-08
44100,500,1,50,0.08445646443,0.08445644245,2.197507351e-08
44100,500,1,124.9291785,0.540242607,0.5402426147,7.656465018e-09
44100,500,1,249.1525424,2.35982593,2.359825924,6.717939094e-09
44100,500,1,495.505618,12.09705336,12.09705338,1.876327893e-08
44100,500,1,747.4576271,-2.227835246,-2.227835235,1.103722491e-08
44100,500,1,980,-9.226251081,-9.226251033,4.81932787e-08
44100,500,1,2037.228261,-24.00390759,-24.00390758,1.549127759e-08
44100,500,1,3962.109375,-36.29307138,-36.29307139,8.634835069e-09
44100,1000,0,100,-0.08613955778,-0.08613955939,1.614043926e-09
44100,1000,0,249.1525424,-0.5215093693,-0.5215093743,5.014823445e-09
44100,1000,0,495.505618,-1.902682073,-1.90268208,7.360990484e-09
44100,1000,0,980,-5.846322252,-5.84632222,3.145415128e-08
44100,1000,0,1470,-10.01963884,-10.01963889,4.836535616e-08
44100,1000,0,2037.228261,-14.31178513,-14.31178513,3.112178959e-09
44100,1000,0,3962.109375,-24.86834751,-24.86834748,3.063706799e-08
44100,1000,0,7924.21875,-38.03454668,-38.03454675,7.03079408e-08
44100,1000,0.1000000015,100,0.0263074968,0.02630750994,1.314489801e-08
44100,1000,0.1000000015,249.1525424,0.1515050292,0.1515050163,1.292537496e-08
44100,1000,0.1000000015,495.505618,0.4137015293,0.4137015357,6.408145459e-09
44100,1000,0.1000000015,980,-1.240713937,-1.240713981,4.389885278e-08
44100,1000,0.1000000015,1470,-6.405071716,-6.405071723,6.880738646e-09
44100,1000,0.1000000015,2037.228261,-12.04516041,-12.04516036,4.12680059e-08
44100,1000,0.1000000015,3962.109375,-24.20917083,-24.20917085,1.477113898e-08
44100,1000,0.1000000015,7924.21875,-37.89154831,-37.89154839,7.860705864e-08
44100,1000,0.6000000238,100,0.08047476891,0.08047476292,5.993186697e-09
44100,1000,0.6000000238,249.1525424,0.5098938,0.5098937936,6.344251569e-09
44100,1000,0.6000000238,495.505618,2.172370561,2.172370578,1.709797459e-08
44100,1000,0.6000000238,980,8.42753916,8.427539138,2.125560528e-08
44100,1000,0.6000000238,1470,-2.275016479,-2.275016462,1.686251627e-08
44100,1000,0.6000000238,2037.228261,-10.3458341,-10.34583414,3.675421922e-08
44100,1000,0.6000000238,3962.109375,-23.85905293,-23.85905291,2.324666681e-08
44100,1000,0.6000000238,7924.21875,-37.82230041,-37.82230042,9.925024358e-09
44100,1000,1,100,0.08424323279,0.08424326753,3.473910296e-08
44100,1000,1,249.1525424,0.5357892649,0.5357892663,1.402790328e-09
44100,1000,1,495.505618,2.324851385,2.324851423,3.748069632e-08
44100,1000,1,980,12.10452205,12.10452205,3.443497931e-09
44100,1000,1,1470,-1.770079766,-1.770079758,8.268553842e-09
44100,1000,1,2037.228261,-10.19967355,-10.19967357,1.239509295e-08
44100,1000,1,3962.109375,-23.83378125,-23.83378126,1.507105551e-08
44100,1000,1,7924.21875,-37.81747374,-37.81747375,6.6144068e-09
44100,5000,0,495.505618,-0.07789739035,-0.07789735417,3.617980635e-08
44100,5000,0,1225,-0.4674718001,-0.4674717395,6.057157748e-08
44100,5000,0,2450,-1.759901547,-1.759901561,1.418001783e-08
44100,5000,0,4995.703125,-6.012465488,-6.012465468,2.016741174e-08
44100,5000,0,7579.6875,-11.11454647,-11.1145465,3.852772323e-08
44100,5000,0,9991.40625,-16.08999351,-16.08999347,3.923505076e-08
44100,5000,0,19982.8125,-50.35208902,-50.35208903,8.464617451e-09
44100,5000,0,20671.875,-57.45125661,-57.45125673,1.280051976e-07
44100,5000,0.1000000015,495.505618,0.0238097414,0.02380974106,3.380813025e-10
44100,5000,0.1000000015,1225,0.1367587178,0.1367587855,6.771772415e-08
44100,5000,0.1000000015,2450,0.399528708,0.3995286794,2.857081122e-08
44100,5000,0.1000000015,4995.703125,-1.403494142,-1.403494193,5.147560267e-08
44100,5000,0.1000000015,7579.6875,-7.879417565,-7.879417589,2.376107844e-08
44100,5000,0.1000000015,9991.40625,-14.24603499,-14.24603499,9.332108419e-10
44100,5000,0.1000000015,19982.8125,-50.31755811,-50.31755809,1.730168719e-08
44100,5000,0.1000000015,20671.875,-57.4360154,-57.43601535,5.414232618e-08
44100,5000,0.6000000238,495.505618,0.07271299346,0.07271302662,3.316308515e-08
44100,5000,0.6000000238,1225,0.4544466156,0.4544466411,2.544488475e-08
44100,5000,0.6000000238,2450,1.975911238,1.975911296,5.729354613e-08
44100,5000,0.6000000238,4995.703125,8.307502453,8.307502405,4.748489424e-08
44100,5000,0.6000000238,7579.6875,-4.666728547,-4.66672863,8.34547631e-08
44100,5000,0.6000000238,9991.40625,-12.99687873,-12.99687872,1.216527501e-08
44100,5000,0.6000000238,19982.8125,-50.30114441,-50.30114444,2.698171642e-08
44100,5000,0.6000000238,20671.875,-57.42879435,-57.42879436,7.863611984e-09
44100,5000,1,495.505618,0.07611308104,0.07611309883,1.778333326e-08
44100,5000,1,1225,0.4772845349,0.4772845257,9.129594802e-09
44100,5000,1,2450,2.10927749,2.109277618,1.27968637e-07
44100,5000,1,4995.703125,12.04909409,12.04909409,2.091979923e-09
44100,5000,1,7579.6875,-4.32484728,-4.324847309,2.855192349e-08
44100,5000,1,9991.40625,-12.89568513,-12.8956851,2.537255206e-08
44100,5000,1,19982.8125,-50.30000782,-50.30000782,4.015156208e-09
44100,5000,1,20671.875,-57.42829499,-57.42829489,1.013183066e-07
44100,10000,0,980,-0.05675213774,-0.05675214184,4.10089529e-09
44100,10000,0,2450,-0.3546944655,-0.3546944405,2.495796281e-08
44100,10000,0,4995.703125,-1.476047149,-1.476047146,3.524795789e-09
44100,10000,0,9991.40625,-6.009856046,-6.00985606,1.431651953e-08
44100,10000,0,14987.10938,-14.68863633,-14.68863636,2.677707656e-08
44100,10000,0,19982.8125,-35.8375462,-35.83754612,7.598585938e-08
44100,10000,0,20671.875,-42.87269288,-42.87269285,2.070745353e-08
44100,10000,0,20671.875,-42.87269288,-42.87269285,2.070745353e-08
44100,10000,0.1000000015,980,0.01738260168,0.01738264528,4.360121655e-08
44100,10000,0.1000000015,2450,0.1052112109,0.1052112785,6.756958759e-08
44100,10000,0.1000000015,4995.703125,0.3610642606,0.3610642603,2.600019644e-10
44100,10000,0.1000000015,9991.40625,-1.400890116,-1.400890154,3.793892778e-08
44100,10000,0.1000000015,14987.10938,-12.51844783,-12.5184478,2.767001739e-08
44100,10000,0.1000000015,19982.8125,-35.65319508,-35.65319507,1.235292757e-08
44100,10000,0.1000000015,20671.875,-42.79089791,-42.79089805,1.418429179e-07
44100,10000,0.1000000015,20671.875,-42.79089791,-42.79089805,1.418429179e-07
44100,10000,0.6000000238,980,0.05286033336,0.05286033836,5.000765468e-09
44100,10000,0.6000000238,2450,0.3407373071,0.3407372046,1.025388095e-07
44100,10000,0.6000000238,4995.703125,1.603634971,1.60363496,1.101723557e-08
44100,10000,0.6000000238,9991.40625,8.310037903,8.310037852,5.09673459e-08
44100,10000,0.6000000238,14987.10938,-10.93001713,-10.93001719,6.28766923e-08
44100,10000,0.6000000238,19982.8125,-35.56328011,-35.56328002,9.776057652e-08
44100,10000,0.6000000238,20671.875,-42.75170327,-42.75170322,4.536050824e-08
44100,10000,0.6000000238,20671.875,-42.75170327,-42.75170322,4.536050824e-08
44100,10000,1,980,0.05532286934,0.05532289505,2.571451348e-08
44100,10000,1,2450,0.3574959971,0.357495836,1.610997372e-07
44100,10000,1,4995.703125,1.704207971,1.704207993,2.169549651e-08
44100,10000,1,9991.40625,12.05152459,12.05152456,2.366463647e-08
44100,10000,1,14987.10938,-10.79541473,-10.79541467,5.775676293e-08
44100,10000,1,19982.8125,-35.55699671,-35.55699679,7.778812972e-08
44100,10000,1,20671.875,-42.74898137,-42.7489814,3.237551738e-08
44100,10000,1,20671.875,-42.74898137,-42.7489814,3.237551738e-08
44100,20000,0,2037.228261,-0.004653216595,-0.004653215917,6.780365549e-10
44100,20000,0,4995.703125,-0.03005365391,-0.03005365212,1.792433292e-09
44100,20000,0,9991.40625,-0.160635715,-0.1606357238,8.768699683e-09
44100,20000,0,19982.8125,-6.608564427,-6.608564443,1.56576192e-08
44100,20000,0,20671.875,-11.09220351,-11.09220364,1.326794941e-07
44100,20000,0,20671.875,-11.09220351,-11.09220364,1.326794941e-07
44100,20000,0,20671.875,-11.09220351,-11.09220364,1.326794941e-07
44100,20000,0,20671.875,-11.09220351,-11.09220364,1.326794941e-07
44100,20000,0.1000000015,2037.228261,0.00143235349,0.001432370343,1.685283735e-08
44100,20000,0.1000000015,4995.703125,0.009228914414,0.009228932653,1.823914601e-08
44100,20000,0.1000000015,9991.40625,0.04868822029,0.04868814871,7.157417053e-08
44100,20000,0.1000000015,19982.8125,-2.034607446,-2.034607491,4.59724987e-08
44100,20000,0.1000000015,20671.875,-7.849473965,-7.849474042,7.648366562e-08
44100,20000,0.1000000015,20671.875,-7.849473965,-7.849474042,7.648366562e-08
44100,20000,0.1000000015,20671.875,-7.849473965,-7.849474042,7.648366562e-08
44100,20000,0.1000000015,20671.875,-7.849473965,-7.849474042,7.648366562e-08
44100,20000,0.6000000238,2037.228261,0.004311093033,0.004311089538,3.495028129e-09
44100,20000,0.6000000238,4995.703125,0.02791628469,0.02791630926,2.457338617e-08
44100,20000,0.6000000238,9991.40625,0.1512277704,0.1512279645,1.940604531e-07
44100,20000,0.6000000238,19982.8125,7.252216609,7.252199957,1.665190569e-05
44100,20000,0.6000000238,20671.875,-4.620884864,-4.620890187,5.322939304e-06
44100,20000,0.6000000238,20671.875,-4.620884864,-4.620890187,5.322939304e-06
44100,20000,0.6000000238,20671.875,-4.620884864,-4.620890187,5.322939304e-06
44100,20000,0.6000000238,20671.875,-4.620884864,-4.620890187,5.322939304e-06
44100,20000,1,2037.228261,0.004510085236,0.004510104555,1.931899215e-08
44100,20000,1,4995.703125,0.02920953262,0.02921074476,1.212136158e-06
44100,20000,1,9991.40625,0.1583992513,0.1584046025,5.35120185e-06
44100,20000,1,19982.8125,10.41645007,10.41558489,0.0008651769282
44100,20000,1,20671.875,-4.276156566,-4.276513311,0.0003567446275
44100,20000,1,20671.875,-4.276156566,-4.276513311,0.0003567446275
44100,20000,1,20671.875,-4.276156566,-4.276513311,0.0003567446275
44100,20000,1,20671.875,-4.276156566,-4.276513311,0.0003567446275
48000,20,0,2,-0.08642738136,-0.0864273784,2.960513557e-09
48000,20,0,5,-0.5265782309,-0.5265782273,3.593825237e-09
48000,20,0,10,-1.938198767,-1.938198772,5.30982236e-09
48000,20,0,20,-6.020599902,-6.020599913,1.09937206e-08
48000,20,0,30,-10.23767581,-10.23767581,4.546377497e-09
48000,20,0,40,-13.9794239,-13.9794239,2.954747558e-09
48000,20,0,80,-24.60911852,-24.6091185,1.49939261e-08
48000,20,0,160,-36.2588826,-36.25888262,2.488968676e-08
48000,20,0.1000000015,2,0.02639465523,0.02639465624,1.003633964e-09
48000,20,0.1000000015,5,0.1528754423,0.1528754471,4.781647772e-09
48000,20,0.1000000015,10,0.4166513393,0.4166513404,1.062378241e-09
48000,20,0.1000000015,20,-1.411621427,-1.411621432,5.095045941e-09
48000,20,0.1000000015,30,-6.699394475,-6.69939446,1.556272267e-08
48000,20,0.1000000015,40,-11.62457863,-11.62457861,1.666583493e-08
48000,20,0.1000000015,80,-23.92967525,-23.92967525,5.320980989e-09
48000,20,0.1000000015,160,-36.08330033,-36.0833003,2.123502441e-08
48000,20,0.6000000238,2,0.08074604286,0.08074604114,1.717348957e-09
48000,20,0.6000000238,5,0.5151273732,0.5151273752,1.946367179e-09
48000,20,0.6000000238,10,2.222234649,2.222234643,5.642968315e-09
48000,20,0.6000000238,20,8.299467246,8.299467238,7.988091966e-09
48000,20,0.6000000238,30,-2.77689126,-2.776891269,9.239255583e-09
48000,20,0.6000000238,40,-9.819001227,-9.819001243,1.583659071e-08
48000,20,0.6000000238,80,-23.56742958,-23.56742959,1.194666766e-08
48000,20,0.6000000238,160,-35.99779236,-35.99779236,9.34221589e-10
48000,20,1,2,0.08452744269,0.08452744205,6.372504885e-10
48000,20,1,5,0.5413146604,0.5413146648,4.451363056e-09
48000,20,1,10,2.379780192,2.379780186,5.98197758e-09
48000,20,1,20,12.04119984,12.04119983,1.044062437e-08
48000,20,1,30,-2.312486236,-2.312486233,2.699660051e-09
48000,20,1,40,-9.661456333,-9.661456345,1.205254563e-08
48000,20,1,80,-23.54124278,-23.54124277,3.970328066e-09
48000,20,1,160,-35.99182035,-35.99182035,3.853848796e-09
48000,100,0,10,-0.08642502895,-0.08642504005,1.109903144e-08
48000,100,0,25,-0.5265650769,-0.5265650701,6.821524678e-09
48000,100,0,50,-1.938162995,-1.938162967,2.821074596e-08
48000,100,0,100,-6.020599704,-6.0205997,4.237366014e-09
48000,100,0,150,-10.23788162,-10.23788159,3.212297095e-08
48000,100,0,200,-13.97999509,-13.9799951,7.501158805e-09
48000,100,0,400,-24.6124806,-24.61248056,4.033616463e-08
48000,100,0,800,-36.27366367,-36.2736637,3.25833156e-08
48000,100,0.1000000015,10,0.02639395124,0.02639394825,2.992891244e-09
48000,100,0.1000000015,25,0.1528718924,0.1528718928,3.21156407e-10
48000,100,0.1000000015,50,0.4166484802,0.4166484851,4.905248319e-09
48000,100,0.1000000015,100,-1.41162121,-1.411621219,8.807849117e-09
48000,100,0.1000000015,150,-6.699672185,-6.699672187,2.606867611e-09
48000,100,0.1000000015,200,-11.62530398,-11.62530399,1.853754483e-08
48000,100,0.1000000015,400,-23.93330417,-23.93330414,2.833805723e-08
48000,100,0.1000000015,800,-36.09838128,-36.09838128,8.99639474e-10
48000,100,0.6000000238,10,0.08074383523,0.08074383711,1.882892356e-09
48000,100,0.6000000238,25,0.5151137875,0.5151137832,4.321067615e-09
48000,100,0.6000000238,50,2.222184174,2.222184172,1.257627336e-09
48000,100,0.6000000238,100,8.29946746,8.299467451,8.616192204e-09
48000,100,0.6000000238,150,-2.777358445,-2.777358446,1.057229415e-09
48000,100,0.6000000238,200,-9.819916522,-9.819916522,7.094769217e-11
48000,100,0.6000000238,400,-23.57121874,-23.57121874,2.250207132e-09
48000,100,0.6000000238,800,-36.0130238,-36.01302382,2.328092563e-08
48000,100,1,10,0.0845251266,0.08452513325,6.650030152e-09
48000,100,1,25,0.541300315,0.5413003143,7.700685645e-10
48000,100,1,50,2.379724546,2.379724544,1.493370316e-09
48000,100,1,100,12.04119999,12.04120004,4.482395433e-08
48000,100,1,150,-2.312989368,-2.312989361,7.192076268e-09
48000,100,1,200,-9.662392267,-9.662392247,1.97148502e-08
48000,100,1,400,-23.54504402,-23.54504404,1.30643194e-08
48000,100,1,800,-36.0070624,-36.00706244,3.47167628e-08
48000,500,0,50,-0.08636670097,-0.08636669268,8.291018885e-09
48000,500,0,125,-0.5262367836,-0.5262367847,1.178494302e-09
48000,500,0,250,-1.937269904,-1.937269894,1.050120901e-08
48000,500,0,500,-6.020599762,-6.0205997,6.153950949e-08
48000,500,0,750,-10.24303859,-10.2430385,8.661555206e-08
48000,500,0,1000,-13.99430463,-13.9943046,3.790317038e-08
48000,500,0,2000,-24.69692674,-24.69692673,5.483951071e-09
48000,500,0,3937.5,-36.36744046,-36.36744048,1.865612376e-08
48000,500,0.1000000015,50,0.02637629408,0.02637628215,1.193380038e-08
48000,500,0.1000000015,125,0.1527832183,0.1527832035,1.479239212e-08
48000,500,0.1000000015,250,0.4165771865,0.4165771878,1.358979485e-09
48000,500,0.1000000015,500,-1.411621217,-1.411621219,2.2524973e-09
48000,500,0.1000000015,750,-6.706631922,-6.706631874,4.83464806e-08
48000,500,0.1000000015,1000,-11.6434732,-11.64347312,7.829811999e-08
48000,500,0.1000000015,2000,-24.02441798,-24.02441793,4.913971097e-08
48000,500,0.1000000015,3937.5,-36.19404874,-36.19404876,1.89042666e-08
48000,500,0.6000000238,50,0.08068884352,0.08068884166,1.857952764e-09
48000,500,0.6000000238,125,0.514774674,0.5147746603,1.372295988e-08
48000,500,0.6000000238,250,2.220925439,2.220925413,2.620663508e-08
48000,500,0.6000000238,500,8.299467516,8.299467451,6.456280843e-08
48000,500,0.6000000238,750,-2.789061851,-2.789061809,4.228703077e-08
48000,500,0.6000000238,1000,-9.842834278,-9.842834323,4.48812596e-08
48000,500,0.6000000238,2000,-23.66633199,-23.66633209,9.978437632e-08
48000,500,0.6000000238,3937.5,-36.1096397,-36.10963971,2.258325082e-09
48000,500,1,50,0.08446755398,0.08446752326,3.072412837e-08
48000,500,1,125,0.5409422763,0.5409422655,1.075434441e-08
48000,500,1,250,2.378336832,2.378336843,1.053302467e-08
48000,500,1,500,12.04120001,12.04120004,2.994340242e-08
48000,500,1,750,-2.32559227,-2.325592291,2.075321826e-08
48000,500,1,1000,-9.685825444,-9.685825434,9.943438073e-09
48000,500,1,2000,-23.64045937,-23.64045949,1.19642884e-07
48000,500,1,3937.5,-36.10374526,-36.10374525,5.10580378e-09
48000,1000,0,100,-0.08618445976,-0.08618443034,2.941870234e-08
48000,1000,0,250,-0.5252111272,-0.5252111105,1.668870042e-08
48000,1000,0,500,-1.93447799,-1.93447801,2.041365166e-08
48000,1000,0,1000,-6.020599839,-6.020599837,2.178223824e-09
48000,1000,0,1500,-10.25921485,-10.25921484,8.698641807e-09
48000,1000,0,2000,-14.03928271,-14.03928257,1.334924153e-07
48000,1000,0,3937.5,-24.69582104,-24.69582103,1.042396747e-08
48000,1000,0,8062.5,-38.06928709,-38.06928706,2.421195688e-08
48000,1000,0.1000000015,100,0.02632109325,0.02632109638,3.127165669e-09
48000,1000,0.1000000015,250,0.1525060862,0.1525060483,3.786527572e-08
48000,1000,0.1000000015,500,0.4163532697,0.4163533386,6.89797322e-08
48000,1000,0.1000000015,1000,-1.411621311,-1.411621356,4.484001237e-08
48000,1000,0.1000000015,1500,-6.728462502,-6.728462482,1.930185789e-08
48000,1000,0.1000000015,2000,-11.70054677,-11.70054664,1.281453965e-07
48000,1000,0.1000000015,3937.5,-24.02322536,-24.02322535,2.889908757e-09
48000,1000,0.1000000015,8062.5,-37.92686164,-37.92686162,1.560228924e-08
48000,1000,0.6000000238,100,0.08051705592,0.08051705411,1.817794595e-09
48000,1000,0.6000000238,250,0.5137152662,0.5137152775,1.124886995e-08
48000,1000,0.6000000238,500,2.21699209,2.216991984,1.066549622e-07
48000,1000,0.6000000238,1000,8.299467318,8.299467315,3.402290005e-09
48000,1000,0.6000000238,1500,-2.825724395,-2.825724377,1.838738628e-08
48000,1000,0.6000000238,2000,-9.9147288,-9.914728755,4.549753818e-08
48000,1000,0.6000000238,3937.5,-23.66508743,-23.66508746,2.610068961e-08
48000,1000,0.6000000238,8062.5,-37.85789789,-37.85789792,3.43804416e-08
48000,1000,1,100,0.08428758751,0.08428756912,1.839230769e-08
48000,1000,1,250,0.5398237976,0.5398237756,2.197253413e-08
48000,1000,1,500,2.374000822,2.374000856,3.442088481e-08
48000,1000,1,1000,12.04119985,12.0411999,5.455934193e-08
48000,1000,1,1500,-2.365059993,-2.365059992,3.673648052e-10
48000,1000,1,2000,-9.759324266,-9.759324409,1.428911744e-07
48000,1000,1,3937.5,-23.63921095,-23.63921093,2.384532038e-08
48000,1000,1,8062.5,-37.85309124,-37.85309123,8.125098816e-09
48000,5000,0,500,-0.08040951131,-0.08040950861,2.706254859e-09
48000,5000,0,1230.769231,-0.477862033,-0.4778620731,4.014201999e-08
48000,5000,0,2550,-1.91240556,-1.912405519,4.055483016e-08
48000,5000,0,5062.5,-6.137490211,-6.137490217,5.95413141e-09
48000,5000,0,7500,-10.83014964,-10.83014972,7.86108032e-08
48000,5000,0,9937.5,-15.59742944,-15.59742944,1.940971828e-09
48000,5000,0,20062.5,-42.00218518,-42.0021852,2.125969445e-08
48000,5000,0,22500,-59.04252004,-59.04251992,1.165721031e-07
48000,5000,0.1000000015,500,0.02457145904,0.02457148569,2.665025191e-08
48000,5000,0.1000000015,1230.769231,0.1396133563,0.1396133394,1.693033855e-08
48000,5000,0.1000000015,2550,0.414532393,0.4145324021,9.089372421e-09
48000,5000,0.1000000015,5062.5,-1.529978155,-1.529978173,1.71615131e-08
48000,5000,0.1000000015,7500,-7.497694437,-7.497694364,7.369937105e-08
48000,5000,0.1000000015,9937.5,-13.64446758,-13.64446755,2.918718778e-08
48000,5000,0.1000000015,20062.5,-41.91174731,-41.91174731,3.714667685e-09
48000,5000,0.1000000015,22500,-59.02983082,-59.02983081,1.268871586e-08
48000,5000,0.6000000238,500,0.07507732546,0.07507734785,2.238388233e-08
48000,5000,0.6000000238,1230.769231,0.4650590233,0.4650590023,2.094620716e-08
48000,5000,0.6000000238,2550,2.185982017,2.185982015,1.85214688e-09
48000,5000,0.6000000238,5062.5,8.162416156,8.162416156,3.315037134e-11
48000,5000,0.6000000238,7500,-4.074720237,-4.074720299,6.168672861e-08
48000,5000,0.6000000238,9937.5,-12.28765651,-12.28765648,2.299873536e-08
48000,5000,0.6000000238,20062.5,-41.86834656,-41.86834658,1.971250185e-08
48000,5000,0.6000000238,22500,-59.02382153,-59.02382163,9.65266409e-08
48000,5000,1,500,0.07858954637,0.07858953603,1.033570765e-08
48000,5000,1,1230.769231,0.488477352,0.4884773054,4.662705883e-08
48000,5000,1,2550,2.339836614,2.339836604,1.035044983e-08
48000,5000,1,5062.5,11.87569315,11.87569319,4.710682866e-08
48000,5000,1,7500,-3.698950822,-3.698950803,1.929644622e-08
48000,5000,1,9937.5,-12.17617062,-12.17617064,1.938538396e-08
48000,5000,1,20062.5,-41.8653311,-41.86533113,3.083412992e-08
48000,5000,1,22500,-59.02340595,-59.02340604,8.315871014e-08
48000,10000,0,1000,-0.06314409576,-0.06314406847,2.729198009e-08
48000,10000,0,2550,-0.4088897475,-0.4088897439,3.569266993e-09
48000,10000,0,5062.5,-1.590916875,-1.590916854,2.081132466e-08
48000,10000,0,9937.5,-5.947262446,-5.947262473,2.751588646e-08
48000,10000,0,15000,-13.6322714,-13.63227163,2.356077768e-07
48000,10000,0,20062.5,-28.11316684,-28.11316684,2.461902682e-09
48000,10000,0,22500,-44.91431709,-44.91431708,5.90396354e-09
48000,10000,0,22500,-44.91431709,-44.91431708,5.90396354e-09
48000,10000,0.1000000015,1000,0.01932840471,0.01932835707,4.764445022e-08
48000,10000,0.1000000015,2550,0.1204982578,0.1204982706,1.274755559e-08
48000,10000,0.1000000015,5062.5,0.3782014388,0.3782014168,2.197685844e-08
48000,10000,0.1000000015,9937.5,-1.338873986,-1.33887407,8.357765524e-08
48000,10000,0.1000000015,15000,-11.18208042,-11.18208042,3.366208645e-09
48000,10000,0.1000000015,20062.5,-27.66159944,-27.66159948,3.268126036e-08
48000,10000,0.1000000015,22500,-44.84968521,-44.84968524,2.564326707e-08
48000,10000,0.1000000015,22500,-44.84968521,-44.84968524,2.564326707e-08
48000,10000,0.6000000238,1000,0.05885246177,0.0588524817,1.992766038e-08
48000,10000,0.6000000238,2550,0.3950448328,0.3950448268,6.027268851e-09
48000,10000,0.6000000238,5062.5,1.751433481,1.751433459,2.173658675e-08
48000,10000,0.6000000238,9937.5,8.364681774,8.364681772,2.55276511e-09
48000,10000,0.6000000238,15000,-9.256117406,-9.256117488,8.172157706e-08
48000,10000,0.6000000238,20062.5,-27.43069126,-27.43069124,2.068095029e-08
48000,10000,0.6000000238,22500,-44.81880554,-44.81880548,5.229959754e-08
48000,10000,0.6000000238,22500,-44.81880554,-44.81880548,5.229959754e-08
48000,10000,1,1000,0.06159735146,0.06159727628,7.518322231e-08
48000,10000,1,2550,0.4146752379,0.4146752401,2.199148141e-09
48000,10000,1,5062.5,1.864513932,1.864513942,9.939757684e-09
48000,10000,1,9937.5,12.09491107,12.0949111,2.554739176e-08
48000,10000,1,15000,-9.085295041,-9.085295094,5.302725548e-08
48000,10000,1,20062.5,-27.41427061,-27.41427062,9.067495199e-09
48000,10000,1,22500,-44.81666327,-44.81666329,1.854559173e-08
48000,10000,1,22500,-44.81666327,-44.81666329,1.854559173e-08
48000,20000,0,2000,-0.01080210985,-0.0108020787,3.115232047e-08
48000,20000,0,5062.5,-0.07349444809,-0.07349444368,4.410438986e-09
48000,20000,0,9937.5,-0.3537060733,-0.35370609,1.675378719e-08
48000,20000,0,20062.5,-6.164920062,-6.164920043,1.885031065e-08
48000,20000,0,22500,-18.48693424,-18.48693419,4.32662759e-08
48000,20000,0,22500,-18.48693424,-18.48693419,4.32662759e-08
48000,20000,0,22500,-18.48693424,-18.48693419,4.32662759e-08
48000,20000,0,22500,-18.48693424,-18.48693419,4.32662759e-08
48000,20000,0.1000000015,2000,0.003323104331,0.00332320704,1.027087798e-07
48000,20000,0.1000000015,5062.5,0.02247380167,0.02247373483,6.683785211e-08
48000,20000,0.1000000015,9937.5,0.1049303311,0.1049303736,4.252281939e-08
48000,20000,0.1000000015,20062.5,-1.558169734,-1.55816976,2.603024662e-08
48000,20000,0.1000000015,22500,-17.09445655,-17.09445635,2.017571141e-07
48000,20000,0.1000000015,22500,-17.09445655,-17.09445635,2.017571141e-07
48000,20000,0.1000000015,22500,-17.09445655,-17.09445635,2.017571141e-07
48000,20000,0.1000000015,22500,-17.09445655,-17.09445635,2.017571141e-07
48000,20000,0.6000000238,2000,0.01001420418,0.01001414248,6.169779784e-08
48000,20000,0.6000000238,5062.5,0.06857217059,0.06857215235,1.823369217e-08
48000,20000,0.6000000238,9937.5,0.3397525127,0.3397525112,1.532119653e-09
48000,20000,0.6000000238,20062.5,8.124547651,8.124547657,6.36151043e-09
48000,20000,0.6000000238,22500,-16.23988639,-16.23988644,5.557488691e-08
48000,20000,0.6000000238,22500,-16.23988639,-16.23988644,5.557488691e-08
48000,20000,0.6000000238,22500,-16.23988639,-16.23988644,5.557488691e-08
48000,20000,0.6000000238,22500,-16.23988639,-16.23988644,5.557488691e-08
48000,20000,1,2000,0.01047701189,0.01047692529,8.660248121e-08
48000,20000,1,5062.5,0.07177610416,0.07177610298,1.181732712e-09
48000,20000,1,9937.5,0.3564596526,0.3564596001,5.252335972e-08
48000,20000,1,20062.5,11.82321395,11.82321564,1.683885097e-06
48000,20000,1,22500,-16.17412235,-16.17412168,6.710414127e-07
48000,20000,1,22500,-16.17412235,-16.17412168,6.710414127e-07
48000,20000,1,22500,-16.17412235,-16.17412168,6.710414127e-07
48000,20000,1,22500,-16.17412235,-16.17412168,6.710414127e-07
96000,20,0,2,-0.08642745159,-0.08642745134,2.559546325e-10
96000,20,0,5,-0.5265786389,-0.5265786377,1.198988686e-09
96000,20,0,10,-1.938199889,-1.938199888,7.062683771e-10
96000,20,0,20,-6.020599909,-6.020599913,4.419480781e-09
96000,20,0,30,-10.23766937,-10.23766937,8.310863109e-11
96000,20,0,40,-13.97940605,-13.97940604,5.57590063e-09
96000,20,0,80,-24.60901344,-24.60901345,6.034944988e-09
96000,20,0,160,-36.25842101,-36.258421,4.228461137e-09
96000,20,0.1000000015,2,0.02639468074,0.02639467832,2.422906795e-09
96000,20,0.1000000015,5,0.1528755566,0.152875558,1.316140918e-09
96000,20,0.1000000015,10,0.4166514314,0.4166514294,1.998044508e-09
96000,20,0.1000000015,20,-1.411621427,-1.411621432,5.021746574e-09
96000,20,0.1000000015,30,-6.699385757,-6.699385769,1.153918205e-08
96000,20,0.1000000015,40,-11.62455593,-11.62455593,9.07903086e-10
96000,20,0.1000000015,80,-23.92956185,-23.92956186,1.057977528e-08
96000,20,0.1000000015,160,-36.08282929,-36.08282931,2.510181929e-08
96000,20,0.6000000238,2,0.08074611339,0.08074610989,3.502279355e-09
96000,20,0.6000000238,5,0.5151277963,0.5151277991,2.793795528e-09
96000,20,0.6000000238,10,2.222236215,2.222236217,1.489850465e-09
96000,20,0.6000000238,20,8.299467241,8.299467238,2.489297657e-09
96000,20,0.6000000238,30,-2.776876644,-2.776876649,4.716758539e-09
96000,20,0.6000000238,40,-9.818972627,-9.818972625,2.520772924e-09
96000,20,0.6000000238,80,-23.56731115,-23.56731118,2.724966564e-08
96000,20,0.6000000238,160,-35.99731666,-35.99731666,3.098797663e-09
96000,20,1,2,0.08452751279,0.08452751407,1.284020293e-09
96000,20,1,5,0.5413151114,0.5413151124,1.043580666e-09
96000,20,1,10,2.379781921,2.379781921,3.948152916e-10
96000,20,1,20,12.04119983,12.04119983,2.978337577e-09
96000,20,1,30,-2.312470493,-2.312470488,4.773335949e-09
96000,20,1,40,-9.661427077,-9.661427082,4.899687767e-09
96000,20,1,80,-23.54112398,-23.54112399,6.821206711e-09
96000,20,1,160,-35.99134433,-35.99134432,1.113797055e-08
96000,100,0,10,-0.0864268579,-0.08642686675,8.850513378e-09
96000,100,0,25,-0.5265753487,-0.5265753484,3.16996096e-10
96000,100,0,50,-1.938190936,-1.938190937,1.024422325e-09
96000,100,0,100,-6.020599857,-6.02059986,3.303045837e-09
96000,100,0,150,-10.23772081,-10.23772081,5.585139462e-09
96000,100,0,200,-13.9795488,-13.97954883,3.507584445e-08
96000,100,0,400,-24.60985381,-24.60985384,3.40437154e-08
96000,100,0,800,-36.26211436,-36.26211436,6.297540267e-10
96000,100,0.1000000015,10,0.02639450122,0.02639450132,1.02568086e-10
96000,100,0.1000000015,25,0.1528746551,0.1528746694,1.425648949e-08
96000,100,0.1000000015,50,0.4166506985,0.4166507156,1.71031575e-08
96000,100,0.1000000015,100,-1.411621371,-1.411621379,7.646022926e-09
96000,100,0.1000000015,150,-6.699455209,-6.699455199,1.064223021e-08
96000,100,0.1000000015,200,-11.62473728,-11.62473727,1.451662968e-08
96000,100,0.1000000015,400,-23.93046891,-23.93046896,4.573036705e-08
96000,100,0.1000000015,800,-36.08659766,-36.08659766,6.40424247e-09
96000,100,0.6000000238,10,0.08074556229,0.08074555888,3.411009808e-09
96000,100,0.6000000238,25,0.5151244019,0.5151244011,7.50268847e-10
96000,100,0.6000000238,50,2.222223593,2.222223599,5.734872577e-09
96000,100,0.6000000238,100,8.299467278,8.299467291,1.312759679e-08
96000,100,0.6000000238,150,-2.776993451,-2.776993441,1.004778438e-08
96000,100,0.6000000238,200,-9.819201412,-9.819201437,2.573280966e-08
96000,100,0.6000000238,400,-23.56825831,-23.56825835,4.406582121e-08
96000,100,0.6000000238,800,-36.00112264,-36.00112263,6.124828644e-09
96000,100,1,10,0.0845269354,0.08452693687,1.468831681e-09
96000,100,1,25,0.5413115324,0.5413115248,7.596902329e-09
96000,100,1,50,2.379768007,2.37976801,2.973320701e-09
96000,100,1,100,12.04119986,12.04119988,2.177639935e-08
96000,100,1,150,-2.312596284,-2.312596268,1.664587179e-08
96000,100,1,200,-9.661661043,-9.66166105,7.224643994e-09
96000,100,1,400,-23.5420742,-23.54207419,1.537070204e-08
96000,100,1,800,-35.99515297,-35.99515295,1.971073971e-08
96000,500,0,50,-0.08641229106,-0.0864122788,1.226553005e-08
96000,500,0,125,-0.5264932622,-0.5264932738,1.162394603e-08
96000,500,0,250,-1.937967703,-1.937967686,1.723576215e-08
96000,500,0,500,-6.020599825,-6.02059986,3.497318346e-08
96000,500,0,750,-10.23900906,-10.23900908,2.184395953e-08
96000,500,0,1000,-13.98312215,-13.98312212,2.677047561e-08
96000,500,0,2000,-24.63089002,-24.63089014,1.278511341e-07
96000,500,0,4000,-36.35483518,-36.35483509,8.823017339e-08
96000,500,0.1000000015,50,0.02639008237,0.02639008448,2.114797955e-09
96000,500,0.1000000015,125,0.1528525075,0.1528524972,1.035773817e-08
96000,500,0.1000000015,250,0.4166329255,0.4166329078,1.770935898e-08
96000,500,0.1000000015,500,-1.411621406,-1.411621379,2.64240041e-08
96000,500,0.1000000015,750,-6.701193904,-6.701193843,6.146813991e-08
96000,500,0.1000000015,1000,-11.62927491,-11.62927493,2.091541518e-08
96000,500,0.1000000015,2000,-23.95317295,-23.95317297,1.515003234e-08
96000,500,0.1000000015,4000,-36.18119062,-36.18119042,2.055259216e-07
96000,500,0.6000000238,50,0.08073180202,0.08073180891,6.8831114e-09
96000,500,0.6000000238,125,0.515039614,0.5150396147,7.605148733e-10
96000,500,0.6000000238,250,2.22190889,2.221908908,1.741492417e-08
96000,500,0.6000000238,500,8.29946729,8.299467291,9.909140175e-10
96000,500,0.6000000238,750,-2.779917885,-2.77991788,4.337250559e-09
96000,500,0.6000000238,1000,-9.824926541,-9.824926559,1.790179915e-08
96000,500,0.6000000238,2000,-23.59196371,-23.59196373,1.136873351e-08
96000,500,0.6000000238,4000,-36.09665466,-36.09665452,1.412033441e-07
96000,500,1,50,0.08451252309,0.0845125332,1.011591694e-08
96000,500,1,125,0.5412220143,0.5412220064,7.87451282e-09
96000,500,1,250,2.379421076,2.379421077,1.235087588e-09
96000,500,1,500,12.04119987,12.04119988,1.241867054e-08
96000,500,1,750,-2.315745644,-2.315745694,5.041206164e-08
96000,500,1,1000,-9.667515156,-9.667515114,4.225949546e-08
96000,500,1,2000,-23.56585524,-23.56585523,1.397589955e-08
96000,500,1,4000,-36.09075087,-36.09075111,2.415351759e-07
96000,1000,0,100,-0.08636669776,-0.08636669652,1.24122547e-09
96000,1000,0,250,-0.5262368221,-0.5262368076,1.449050346e-08
96000,1000,0,500,-1.93726996,-1.937269971,1.155433482e-08
96000,1000,0,1000,-6.020599884,-6.020599894,1.019785145e-08
96000,1000,0,1500,-10.24303874,-10.24303877,3.142922367e-08
96000,1000,0,2000,-13.99430496,-13.99430491,4.908320328e-08
96000,1000,0,4000,-24.69692712,-24.6969271,2.170796876e-08
96000,1000,0,7875,-36.36744087,-36.36744086,8.502212268e-09
96000,1000,0.1000000015,100,0.02637629479,0.02637628331,1.147478979e-08
96000,1000,0.1000000015,250,0.1527832319,0.1527832097,2.216762252e-08
96000,1000,0.1000000015,500,0.4165771962,0.416577194,2.177862224e-09
96000,1000,0.1000000015,1000,-1.411621438,-1.411621413,2.412973843e-08
96000,1000,0.1000000015,1500,-6.706632233,-6.706632237,3.965758388e-09
96000,1000,0.1000000015,2000,-11.64347345,-11.64347352,7.114999434e-08
96000,1000,0.1000000015,4000,-24.02441824,-24.02441833,8.592873968e-08
96000,1000,0.1000000015,7875,-36.19404917,-36.19404915,1.618400347e-08
96000,1000,0.6000000238,100,0.08068884561,0.08068884528,3.246428265e-10
96000,1000,0.6000000238,250,0.5147747012,0.5147746839,1.735198252e-08
96000,1000,0.6000000238,500,2.220925509,2.220925523,1.387344106e-08
96000,1000,0.6000000238,1000,8.299467315,8.299467257,5.740984399e-08
96000,1000,0.6000000238,1500,-2.789062414,-2.789062419,4.916880236e-09
96000,1000,0.6000000238,2000,-9.842834837,-9.842834821,1.659907944e-08
96000,1000,0.6000000238,4000,-23.66633263,-23.6663325,1.358202297e-07
96000,1000,0.6000000238,7875,-36.10964008,-36.1096401,1.680283646e-08
96000,1000,1,100,0.08446755481,0.08446752705,2.775937652e-08
96000,1000,1,250,0.5409422785,0.5409422904,1.19477922e-08
96000,1000,1,500,2.378337002,2.378336964,3.843278229e-08
96000,1000,1,1000,12.04119986,12.04119985,1.358081647e-08
96000,1000,1,1500,-2.325592949,-2.325592948,9.208553919e-10
96000,1000,1,2000,-9.685825835,-9.685825943,1.082645298e-07
96000,1000,1,4000,-23.64045991,-23.6404599,8.794710737e-09
96000,1000,1,7875,-36.10374562,-36.10374565,2.039025304e-08
96000,5000,0,500,-0.08491162432,-0.08491158218,4.21432152e-08
96000,5000,0,1246.753247,-0.5154276539,-0.5154276083,4.565759337e-08
96000,5000,0,2461.538462,-1.86203022,-1.862030151,6.865523239e-08
96000,5000,0,5100,-6.197541649,-6.197541688,3.87708301e-08
96000,5000,0,7500,-10.3750849,-10.37508492,1.399657634e-08
96000,5000,0,10125,-14.55385772,-14.55385771,3.628469969e-09
96000,5000,0,19875,-26.94162237,-26.94162237,4.361098149e-10
96000,5000,0,40125,-54.47066215,-54.47066214,8.730239642e-09
96000,5000,0.1000000015,500,0.0259356375,0.02593564321,5.710013445e-09
96000,5000,0.1000000015,1246.753247,0.1498577903,0.1498578017,1.138477387e-08
96000,5000,0.1000000015,2461.538462,0.4100395907,0.4100396393,4.864452041e-08
96000,5000,0.1000000015,5100,-1.591899632,-1.591899616,1.524112503e-08
96000,5000,0.1000000015,7500,-6.884795477,-6.884795455,2.11959259e-08
96000,5000,0.1000000015,10125,-12.34961498,-12.34961502,3.883296174e-08
96000,5000,0.1000000015,19875,-26.42405643,-26.42405645,2.166647306e-08
96000,5000,0.1000000015,40125,-54.44917756,-54.44917754,1.940354366e-08
96000,5000,0.6000000238,500,0.07931751639,0.07931753681,2.041959325e-08
96000,5000,0.6000000238,1246.753247,0.5036217984,0.5036217729,2.549556155e-08
96000,5000,0.6000000238,2461.538462,2.115787429,2.115787372,5.696980665e-08
96000,5000,0.6000000238,5100,8.076781234,8.076781249,1.495471658e-08
96000,5000,0.6000000238,7500,-3.086196929,-3.086196902,2.671855315e-08
96000,5000,0.6000000238,10125,-10.72262677,-10.72262675,1.924063575e-08
96000,5000,0.6000000238,19875,-26.15621814,-26.15621815,9.321716732e-09
96000,5000,0.6000000238,40125,-54.43898789,-54.43898787,2.327964665e-08
96000,5000,1,500,0.08303100929,0.0830310427,3.340130053e-08
96000,5000,1,1246.753247,0.5291682525,0.5291682613,8.79917661e-09
96000,5000,1,2461.538462,2.262627291,2.26262726,3.155839989e-08
96000,5000,1,5100,11.75440286,11.75440286,5.38974021e-09
96000,5000,1,7500,-2.644911095,-2.644911133,3.776775515e-08
96000,5000,1,10125,-10.5840425,-10.58404247,2.536510202e-08
96000,5000,1,19875,-26.1370834,-26.13708342,2.158927259e-08
96000,5000,1,40125,-54.4382828,-54.43828279,6.858222434e-09
96000,10000,0,1000,-0.08040951146,-0.08040950965,1.808747319e-09
96000,10000,0,2461.538462,-0.4778620328,-0.4778620792,4.637651096e-08
96000,10000,0,5100,-1.912405573,-1.912405542,3.099621537e-08
96000,10000,0,10125,-6.137490266,-6.137490275,8.408246543e-09
96000,10000,0,15000,-10.83014981,-10.8301498,1.078094947e-08
96000,10000,0,19875,-15.59742954,-15.59742954,1.032471886e-09
96000,10000,0,40125,-42.0021853,-42.00218532,1.999172383e-08
96000,10000,0,45000,-59.04252011,-59.04252004,7.318521256e-08
96000,10000,0.1000000015,1000,0.02457145909,0.02457148601,2.691658912e-08
96000,10000,0.1000000015,2461.538462,0.139613358,0.139613341,1.693022281e-08
96000,10000,0.1000000015,5100,0.4145324117,0.414532404,7.73694997e-09
96000,10000,0.1000000015,10125,-1.529978252,-1.529978232,2.015301459e-08
96000,10000,0.1000000015,15000,-7.497694549,-7.497694472,7.702221794e-08
96000,10000,0.1000000015,19875,-13.64446771,-13.64446767,4.254068564e-08
96000,10000,0.1000000015,40125,-41.91174741,-41.91174743,1.650851544e-08
96000,10000,0.1000000015,45000,-59.029831,-59.02983092,7.719162909e-08
96000,10000,0.6000000238,1000,0.07507732546,0.07507734883,2.336936188e-08
96000,10000,0.6000000238,2461.538462,0.4650590233,0.4650590085,1.473818306e-08
96000,10000,0.6000000238,5100,2.18598207,2.185982047,2.377026487e-08
96000,10000,0.6000000238,10125,8.162416073,8.162416079,6.024531984e-09
96000,10000,0.6000000238,15000,-4.074720539,-4.07472047,6.902398297e-08
96000,10000,0.6000000238,19875,-12.28765662,-12.28765662,6.597051794e-10
96000,10000,0.6000000238,40125,-41.8683467,-41.8683467,6.838874356e-09
96000,10000,0.6000000238,45000,-59.02382177,-59.02382174,2.904108243e-08
96000,10000,1,1000,0.07858954637,0.07858953706,9.303475171e-09
96000,10000,1,2461.538462,0.4884773659,0.4884773119,5.396802805e-08
96000,10000,1,5100,2.339836645,2.339836639,6.361604132e-09
96000,10000,1,10125,11.87569311,11.87569309,1.950010642e-08
96000,10000,1,15000,-3.698950972,-3.698950984,1.234127645e-08
96000,10000,1,19875,-12.17617075,-12.17617078,3.297916074e-08
96000,10000,1,40125,-41.86533126,-41.86533125,1.96654355e-08
96000,10000,1,45000,-59.02340619,-59.02340615,4.429336542e-08
96000,20000,0,2000,-0.06314409576,-0.06314406943,2.6323489e-08
96000,20000,0,5100,-0.4088897554,-0.40888975,5.319145957e-09
96000,20000,0,10125,-1.590916882,-1.590916876,5.141717718e-09
96000,20000,0,19875,-5.947262538,-5.94726254,1.55107216e-09
96000,20000,0,30000,-13.63227163,-13.63227174,1.050216376e-07
96000,20000,0,40125,-28.11316695,-28.11316697,2.173889513e-08
96000,20000,0,45000,-44.91431724,-44.91431722,2.144771116e-08
96000,20000,0,45000,-44.91431724,-44.91431722,2.144771116e-08
96000,20000,0.1000000015,2000,0.01932840471,0.01932835736,4.734982949e-08
96000,20000,0.1000000015,5100,0.1204982568,0.1204982723,1.556550015e-08
96000,20000,0.1000000015,10125,0.3782014223,0.37820142,2.322852577e-09
96000,20000,0.1000000015,19875,-1.338874084,-1.338874135,5.111804535e-08
96000,20000,0.1000000015,30000,-11.1820806,-11.18208055,4.257888975e-08
96000,20000,0.1000000015,40125,-27.6615996,-27.66159961,7.580737815e-09
96000,20000,0.1000000015,45000,-44.84968537,-44.84968537,4.645421825e-09
96000,20000,0.1000000015,45000,-44.84968537,-44.84968537,4.645421825e-09
96000,20000,0.6000000238,2000,0.05885246177,0.0588524826,2.083617148e-08
96000,20000,0.6000000238,5100,0.3950448328,0.395044833,1.689223206e-10
96000,20000,0.6000000238,10125,1.751433541,1.751433488,5.230446076e-08
96000,20000,0.6000000238,19875,8.364681718,8.36468172,2.498588003e-09
96000,20000,0.6000000238,30000,-9.256117688,-9.256117662,2.658083531e-08
96000,20000,0.6000000238,40125,-27.43069136,-27.43069138,1.569384978e-08
96000,20000,0.6000000238,45000,-44.81880566,-44.81880562,4.400268239e-08
96000,20000,0.6000000238,45000,-44.81880566,-44.81880562,4.400268239e-08
96000,20000,1,2000,0.06159735146,0.06159727723,7.423186996e-08
96000,20000,1,5100,0.414675238,0.4146752466,8.562804021e-09
96000,20000,1,10125,1.864513979,1.864513974,5.057090302e-09
96000,20000,1,19875,12.09491107,12.09491107,8.702532028e-10
96000,20000,1,30000,-9.085295158,-9.085295272,1.133753127e-07
96000,20000,1,40125,-27.41427078,-27.41427076,2.088642859e-08
96000,20000,1,45000,-44.8166635,-44.81666343,7.741139996e-08
96000,20000,1,45000,-44.8166635,-44.81666343,7.741139996e-08
192000,20,0,2,-0.08642747134,-0.08642746957,1.761261484e-09
192000,20,0,5,-0.5265787376,-0.5265787402,2.641392993e-09
192000,20,0,10,-1.938200169,-1.938200167,1.562704632e-09
192000,20,0,20,-6.020599903,-6.020599913,9.935941847e-09
192000,20,0,30,-10.23766776,-10.23766776,3.460502995e-10
192000,20,0,40,-13.97940158,-13.97940158,9.79639303e-09
192000,20,0,80,-24.60898719,-24.60898718,5.144951132e-09
192000,20,0,160,-36.2583056,-36.2583056,3.676632332e-09
192000,20,0.1000000015,2,0.02639468477,0.02639468384,9.268006779e-10
192000,20,0.1000000015,5,0.152875584,0.1528755857,1.697562174e-09
192000,20,0.1000000015,10,0.4166514489,0.4166514516,2.715374925e-09
192000,20,0.1000000015,20,-1.411621423,-1.411621432,9.598323691e-09
192000,20,0.1000000015,30,-6.699383587,-6.699383596,8.950846286e-09
192000,20,0.1000000015,40,-11.62455025,-11.62455026,8.518455274e-09
192000,20,0.1000000015,80,-23.92953353,-23.92953351,1.726550636e-08
192000,20,0.1000000015,160,-36.08271158,-36.08271157,1.127957461e-08
192000,20,0.6000000238,2,0.08074612848,0.08074612708,1.402350194e-09
192000,20,0.6000000238,5,0.5151279093,0.5151279051,4.1396786e-09
192000,20,0.6000000238,10,2.22223661,2.22223661,2.632649654e-11
192000,20,0.6000000238,20,8.299467232,8.299467238,6.055321577e-09
192000,20,0.6000000238,30,-2.776872996,-2.776872994,2.291401735e-09
192000,20,0.6000000238,40,-9.818965479,-9.81896547,8.626949821e-09
192000,20,0.6000000238,80,-23.56728156,-23.56728158,1.608890443e-08
192000,20,0.6000000238,160,-35.99719775,-35.99719774,1.131327565e-08
192000,20,1,2,0.08452752968,0.08452753208,2.396041421e-09
192000,20,1,5,0.5413152251,0.5413152243,7.466780527e-10
192000,20,1,10,2.379782353,2.379782355,1.625449997e-09
192000,20,1,20,12.04119984,12.04119983,9.939761014e-09
192000,20,1,30,-2.312466551,-2.312466552,7.67457653e-10
192000,20,1,40,-9.661419766,-9.661419766,1.422542084e-10
192000,20,1,80,-23.54109429,-23.54109429,2.225679196e-09
192000,20,1,160,-35.99122532,-35.99122532,2.898225659e-09
192000,100,0,10,-0.0864273253,-0.08642732343,1.876949693e-09
192000,100,0,25,-0.5265779195,-0.5265779179,1.591674792e-09
192000,100,0,50,-1.938197936,-1.938197929,6.994153035e-09
192000,100,0,100,-6.020599896,-6.0205999,4.164482093e-09
192000,100,0,150,-10.23768062,-10.23768062,1.930215987e-09
192000,100,0,200,-13.97943728,-13.97943727,4.816980592e-09
192000,100,0,400,-24.60919725,-24.60919727,2.790602238e-08
192000,100,0,800,-36.25922885,-36.25922882,3.361439838e-08
192000,100,0.1000000015,10,0.02639463807,0.02639463959,1.520302682e-09
192000,100,0.1000000015,25,0.1528753584,0.1528753635,5.170344042e-09
192000,100,0.1000000015,50,0.416651269,0.4166512732,4.173687673e-09
192000,100,0.1000000015,100,-1.411621421,-1.411621419,1.438101638e-09
192000,100,0.1000000015,150,-6.699400951,-6.699400953,2.315995395e-09
192000,100,0.1000000015,200,-11.6245956,-11.62459559,8.751779745e-09
192000,100,0.1000000015,400,-23.92976028,-23.92976028,5.730793617e-09
192000,100,0.1000000015,800,-36.08365356,-36.08365353,3.096184287e-08
192000,100,0.6000000238,10,0.08074598569,0.08074598933,3.637537938e-09
192000,100,0.6000000238,25,0.5151270592,0.5151270556,3.619352928e-09
192000,100,0.6000000238,50,2.222233451,2.222233456,5.242936307e-09
192000,100,0.6000000238,100,8.299467239,8.299467252,1.2442543e-08
192000,100,0.6000000238,150,-2.776902177,-2.776902192,1.440476227e-08
192000,100,0.6000000238,200,-9.819022671,-9.819022673,1.925911874e-09
192000,100,0.6000000238,400,-23.56751838,-23.56751837,1.89244993e-08
192000,100,0.6000000238,800,-35.99814914,-35.99814911,2.252301101e-08
192000,100,1,10,0.08452738995,0.08452738778,2.167392377e-09
192000,100,1,25,0.5413143299,0.5413143274,2.445107672e-09
192000,100,1,50,2.379778874,2.379778877,2.863059567e-09
192000,100,1,100,12.04119984,12.04119984,2.247258379e-09
192000,100,1,150,-2.312498003,-2.312497996,6.036585454e-09
192000,100,1,200,-9.661478251,-9.661478258,6.336819069e-09
192000,100,1,400,-23.54133184,-23.54133183,8.166217924e-09
192000,100,1,800,-35.99217739,-35.99217736,3.674361437e-08
192000,500,0,50,-0.08642368041,-0.08642367637,4.042262178e-09
192000,500,0,125,-0.5265574055,-0.5265573991,6.373114592e-09
192000,500,0,250,-1.93814212,-1.938142118,2.871775706e-09
192000,500,0,500,-6.020599908,-6.0205999,7.623512488e-09
192000,500,0,750,-10.23800263,-10.23800263,5.398030467e-09
192000,500,0,1000,-13.9803304,-13.98033034,5.511628842e-08
192000,500,0,2000,-24.61445167,-24.61445167,1.663181592e-09
192000,500,0,4000,-36.28233375,-36.28233389,1.408850423e-07
192000,500,0.1000000015,50,0.02639353939,0.02639353536,4.03062447e-09
192000,500,0.1000000015,125,0.1528698213,0.1528698205,7.925794743e-10
192000,500,0.1000000015,250,0.4166468209,0.4166468223,1.322823406e-09
192000,500,0.1000000015,500,-1.411621423,-1.411621419,3.674801352e-09
192000,500,0.1000000015,750,-6.699835552,-6.699835535,1.784074399e-08
192000,500,0.1000000015,1000,-11.62572975,-11.62572972,3.433079954e-08
192000,500,0.1000000015,2000,-23.93543166,-23.93543165,1.635514124e-08
192000,500,0.1000000015,4000,-36.10722709,-36.10722714,5.537341252e-08
192000,500,0.6000000238,50,0.08074255189,0.08074255176,1.251312803e-10
192000,500,0.6000000238,125,0.5151058435,0.5151058587,1.513141967e-08
192000,500,0.6000000238,250,2.222154777,2.222154783,6.070958403e-09
192000,500,0.6000000238,500,8.299467269,8.299467252,1.776276548e-08
192000,500,0.6000000238,750,-2.777633201,-2.777633214,1.287198037e-08
192000,500,0.6000000238,1000,-9.820453625,-9.820453683,5.840172079e-08
192000,500,0.6000000238,2000,-23.57344015,-23.57344017,2.407976751e-08
192000,500,0.6000000238,4000,-36.0219579,-36.02195783,6.622847337e-08
192000,500,1,50,0.08452379329,0.08452378679,6.502598085e-09
192000,500,1,125,0.5412919439,0.5412919474,3.57110963e-09
192000,500,1,250,2.379692168,2.379692143,2.511901176e-08
192000,500,1,500,12.04119984,12.04119984,4.783558438e-09
192000,500,1,750,-2.313285289,-2.313285272,1.757026524e-08
192000,500,1,1000,-9.662941494,-9.662941509,1.494402824e-08
192000,500,1,2000,-23.54727257,-23.54727256,7.402512381e-09
192000,500,1,4000,-36.01600264,-36.01600267,2.246129327e-08
192000,1000,0,100,-0.08641229172,-0.08641227976,1.195764385e-08
192000,1000,0,250,-0.5264932671,-0.5264932796,1.250453419e-08
192000,1000,0,500,-1.937967736,-1.937967705,3.044123109e-08
192000,1000,0,1000,-6.020599872,-6.020599909,3.688602579e-08
192000,1000,0,1500,-10.23900913,-10.23900915,2.583011849e-08
192000,1000,0,2000,-13.98312222,-13.9831222,2.415496425e-08
192000,1000,0,4000,-24.63089026,-24.63089024,2.447426795e-08
192000,1000,0,8000,-36.35483518,-36.35483518,7.325773765e-09
192000,1000,0.1000000015,100,0.02639008471,0.02639008477,6.516575474e-11
192000,1000,0.1000000015,250,0.1528525081,0.1528524987,9.414173913e-09
192000,1000,0.1000000015,500,0.4166329294,0.4166329094,2.002094363e-08
192000,1000,0.1000000015,1000,-1.411621459,-1.411621428,3.175121366e-08
192000,1000,0.1000000015,1500,-6.701194023,-6.701193933,8.993280876e-08
192000,1000,0.1000000015,2000,-11.62927496,-11.62927502,6.145569387e-08
192000,1000,0.1000000015,4000,-23.95317303,-23.95317306,3.512069924e-08
192000,1000,0.1000000015,8000,-36.18119063,-36.18119052,1.105434535e-07
192000,1000,0.6000000238,100,0.08073180202,0.08073180981,7.788018438e-09
192000,1000,0.6000000238,250,0.5150396265,0.5150396206,5.913059598e-09
192000,1000,0.6000000238,500,2.221908915,2.221908935,2.010583078e-08
192000,1000,0.6000000238,1000,8.299467288,8.299467243,4.532201281e-08
192000,1000,0.6000000238,1500,-2.779918055,-2.779918033,2.196959681e-08
192000,1000,0.6000000238,2000,-9.824926715,-9.824926683,3.130708137e-08
192000,1000,0.6000000238,4000,-23.5919638,-23.59196383,3.002272209e-08
192000,1000,0.6000000238,8000,-36.09665467,-36.09665461,5.302669592e-08
192000,1000,1,100,0.08451252299,0.08451253415,1.116571474e-08
192000,1000,1,250,0.5412220225,0.5412220126,9.868095563e-09
192000,1000,1,500,2.379421112,2.379421107,4.615263283e-09
192000,1000,1,1000,12.04119985,12.04119983,1.985706888e-08
192000,1000,1,1500,-2.31574584,-2.315745858,1.879637512e-08
192000,1000,1,2000,-9.667515245,-9.667515241,4.008798626e-09
192000,1000,1,4000,-23.56585528,-23.56585533,5.062774378e-08
192000,1000,1,8000,-36.090751,-36.09075121,2.119508338e-07
192000,5000,0,500,-0.08604776659,-0.08604780317,3.658156392e-08
192000,5000,0,1246.753247,-0.521800583,-0.5218005936,1.059972121e-08
192000,5000,0,2493.506494,-1.923379919,-1.923379932,1.328341148e-08
192000,5000,0,4923.076923,-5.886391928,-5.886391878,5.007557569e-08
192000,5000,0,7384.615385,-10.08367332,-10.08367326,6.253355522e-08
192000,5000,0,10200,-14.35542361,-14.35542362,9.315035854e-09
192000,5000,0,20250,-25.39183077,-25.39183076,3.633068957e-09
192000,5000,0,39750,-38.80065196,-38.80065192,4.362496497e-08
192000,5000,0.1000000015,500,0.02627969522,0.02627972677,3.154572797e-08
192000,5000,0.1000000015,1246.753247,0.151583797,0.1515838114,1.446279921e-08
192000,5000,0.1000000015,2493.506494,0.4154490651,0.415449109,4.391775787e-08
192000,5000,0.1000000015,4923.076923,-1.279403143,-1.279403127,1.597364752e-08
192000,5000,0.1000000015,7384.615385,-6.491517796,-6.491517778,1.838038166e-08
192000,5000,0.1000000015,10200,-12.10016064,-12.10016063,2.894395834e-09
192000,5000,0.1000000015,20250,-24.77173789,-24.77173793,3.144968375e-08
192000,5000,0.1000000015,39750,-38.66976728,-38.66976729,1.135655481e-08
192000,5000,0.6000000238,500,0.08038829556,0.08038828324,1.231854004e-08
192000,5000,0.6000000238,1246.753247,0.5101942527,0.5101943252,7.251718182e-08
192000,5000,0.6000000238,2493.506494,2.201380723,2.201380728,5.576879847e-09
192000,5000,0.6000000238,4923.076923,8.406341139,8.406341137,2.78151191e-09
192000,5000,0.6000000238,7384.615385,-2.423856377,-2.423856385,7.857078987e-09
192000,5000,0.6000000238,10200,-10.41417744,-10.41417745,1.022958251e-08
192000,5000,0.6000000238,20250,-24.4447547,-24.44475474,3.751035393e-08
192000,5000,0.6000000238,39750,-38.60651785,-38.60651787,2.400875587e-08
192000,5000,1,500,0.08415267025,0.08415267697,6.7166364e-09
192000,5000,1,1246.753247,0.5361064751,0.53610654,6.494158089e-08
192000,5000,1,2493.506494,2.356797346,2.356797365,1.859860799e-08
192000,5000,1,4923.076923,12.10956992,12.10956992,5.132667624e-09
192000,5000,1,7384.615385,-1.931348652,-1.93134868,2.839156465e-08
192000,5000,1,10200,-10.26942491,-10.26942487,4.045118018e-08
192000,5000,1,20250,-24.4212213,-24.42122127,3.783908653e-08
192000,5000,1,39750,-38.60211258,-38.60211257,1.431287444e-08
192000,10000,0,1000,-0.08491162267,-0.08491158243,4.023754938e-08
192000,10000,0,2493.506494,-0.515427654,-0.5154276098,4.418287003e-08
192000,10000,0,4923.076923,-1.86203022,-1.862030157,6.367992089e-08
192000,10000,0,10200,-6.197541666,-6.197541701,3.548101812e-08
192000,10000,0,15000,-10.37508497,-10.37508493,3.262506709e-08
192000,10000,0,20250,-14.55385774,-14.55385773,4.620632765e-09
192000,10000,0,39750,-26.94162237,-26.9416224,2.458979864e-08
192000,10000,0,80250,-54.47066218,-54.47066217,8.661814377e-09
192000,10000,0.1000000015,1000,0.0259356375,0.02593564329,5.787096927e-09
192000,10000,0.1000000015,2493.506494,0.1498578093,0.1498578021,7.198085378e-09
192000,10000,0.1000000015,4923.076923,0.4100395905,0.4100396398,4.930825587e-08
192000,10000,0.1000000015,10200,-1.591899632,-1.59189963,1.434090624e-09
192000,10000,0.1000000015,15000,-6.884795497,-6.88479548,1.695676133e-08
192000,10000,0.1000000015,20250,-12.34961498,-12.34961504,6.152024667e-08
192000,10000,0.1000000015,39750,-26.42405648,-26.42405647,3.227079048e-09
192000,10000,0.1000000015,80250,-54.44917758,-54.44917756,1.552461981e-08
192000,10000,0.6000000238,1000,0.07931751639,0.07931753705,2.065940861e-08
192000,10000,0.6000000238,2493.506494,0.5036217984,0.5036217745,2.394806831e-08
192000,10000,0.6000000238,4923.076923,2.115787431,2.115787379,5.192624553e-08
192000,10000,0.6000000238,10200,8.076781211,8.076781229,1.861718424e-08
192000,10000,0.6000000238,15000,-3.086196965,-3.086196943,2.166048896e-08
192000,10000,0.6000000238,20250,-10.72262683,-10.72262678,5.534162995e-08
192000,10000,0.6000000238,39750,-26.15621817,-26.15621818,1.145784623e-08
192000,10000,0.6000000238,80250,-54.43898792,-54.4389879,2.043054081e-08
192000,10000,1,1000,0.08303100931,0.08303104295,3.363946413e-08
192000,10000,1,2493.506494,0.5291682538,0.529168263,9.121925326e-09
192000,10000,1,4923.076923,2.262627296,2.262627267,2.890799289e-08
192000,10000,1,10200,11.75440284,11.75440283,1.097866154e-08
192000,10000,1,15000,-2.644911137,-2.644911177,3.967671081e-08
192000,10000,1,20250,-10.58404254,-10.5840425,3.224973888e-08
192000,10000,1,39750,-26.13708344,-26.13708344,7.951562964e-09
192000,10000,1,80250,-54.43828281,-54.43828282,6.076199099e-09
192000,20000,0,2000,-0.08040951146,-0.08040950987,1.593043475e-09
192000,20000,0,4923.076923,-0.4778620338,-0.4778620805,4.665429398e-08
192000,20000,0,10200,-1.912405575,-1.912405546,2.887161887e-08
192000,20000,0,20250,-6.137490293,-6.137490287,6.138973774e-09
192000,20000,0,30000,-10.83014982,-10.83014982,3.162062612e-09
192000,20000,0,39750,-15.59742957,-15.59742956,1.068367972e-08
192000,20000,0,80250,-42.0021853,-42.00218534,4.327247893e-08
192000,20000,0,90000,-59.04252011,-59.04252006,4.974430823e-08
192000,20000,0.1000000015,2000,0.02457145909,0.02457148607,2.698214354e-08
192000,20000,0.1000000015,4923.076923,0.1396133579,0.1396133414,1.654239404e-08
192000,20000,0.1000000015,10200,0.4145324136,0.4145324044,9.225967379e-09
192000,20000,0.1000000015,20250,-1.529978262,-1.529978244,1.868651589e-08
192000,20000,0.1000000015,30000,-7.497694549,-7.497694495,5.454232088e-08
192000,20000,0.1000000015,39750,-13.64446772,-13.64446769,2.576152625e-08
192000,20000,0.1000000015,80250,-41.91174744,-41.91174745,4.942386056e-09
192000,20000,0.1000000015,90000,-59.029831,-59.02983094,5.371646239e-08
192000,20000,0.6000000238,2000,0.07507732546,0.07507734904,2.357293084e-08
192000,20000,0.6000000238,4923.076923,0.4650590233,0.4650590098,1.345374417e-08
192000,20000,0.6000000238,10200,2.185982073,2.185982053,1.971639207e-08
192000,20000,0.6000000238,20250,8.162416073,8.162416063,1.045773246e-08
192000,20000,0.6000000238,30000,-4.074720539,-4.074720505,3.365005607e-08
192000,20000,0.6000000238,39750,-12.28765665,-12.28765665,6.920153339e-11
192000,20000,0.6000000238,80250,-41.86834673,-41.86834672,6.757986171e-09
192000,20000,0.6000000238,90000,-59.02382177,-59.02382177,5.549658511e-09
192000,20000,1,2000,0.07858954637,0.07858953728,9.090246667e-09
192000,20000,1,4923.076923,0.4884773659,0.4884773133,5.261320307e-08
192000,20000,1,10200,2.339836663,2.339836646,1.697198737e-08
192000,20000,1,20250,11.87569308,11.87569307,1.141962258e-08
192000,20000,1,30000,-3.698951033,-3.698951022,1.164148911e-08
192000,20000,1,39750,-12.17617076,-12.17617081,4.901424511e-08
192000,20000,1,80250,-41.86533132,-41.86533127,5.567920169e-08
192000,20000,1,90000,-59.02340628,-59.02340617,1.092958897e-07
