rate,authored,effective_transition,graph_x,endpoint_db
44100,20,20,0,-147.148
44100,50,50,0.132647,-131.23
44100,100,100,0.23299,-119.189
44100,200,200,0.333333,-107.146
44100,500,500,0.46598,-91.2226
44100,1000,1000,0.566323,-79.1591
44100,2000,2000,0.666667,-67.0283
44100,5000,5000,0.799313,-50.4648
44100,10000,10000,0.899657,-35.801
44100,15000,15000,0.958354,-22.7135
44100,20000,19845,0.998874,-2.12286
48000,20,20,0,-138.2
48000,50,50,0.132647,-122.283
48000,100,100,0.23299,-110.241
48000,200,200,0.333333,-98.1993
48000,500,500,0.46598,-82.2763
48000,1000,1000,0.566323,-70.2159
48000,2000,2000,0.666667,-58.0974
48000,5000,5000,0.799313,-41.6248
48000,10000,10000,0.899657,-27.3721
48000,15000,15000,0.958354,-15.5435
48000,20000,20000,1,-1.41162
96000,20,20,0,-122.763
96000,50,50,0.132647,-106.845
96000,100,100,0.23299,-94.804
96000,200,200,0.333333,-82.7624
96000,500,500,0.46598,-66.8425
96000,1000,1000,0.566323,-54.793
96000,2000,2000,0.666667,-42.7187
96000,5000,5000,0.799313,-26.5732
96000,10000,10000,0.899657,-13.7953
96000,15000,15000,0.958354,-5.99644
96000,20000,20000,1,-1.41162
192000,20,20,3.21442e-17,-120.636
192000,50,50,0.132647,-104.718
192000,100,100,0.23299,-92.6772
192000,200,200,0.333333,-80.6358
192000,500,500,0.46598,-64.7166
192000,1000,1000,0.566323,-52.6696
192000,2000,2000,0.666667,-40.6053
192000,5000,5000,0.799313,-24.5361
192000,10000,10000,0.899657,-12.113
192000,15000,15000,0.958354,-5.10762
192000,20000,20000,1,-1.41162
