render,header_density,source_editor_alignment,graph_height,fill,axes,handle,parameter_grouping_rhythm,borders,clipping,balance_notes
compact.png,"compact, legible",shared centerline,131px normal; adaptive compact,"secondary, theme-derived",dedicated neutral strips,on calculated response,"centered bank, common baselines",header perimeter removed,no control/axis collision,Knob scale reduced to .88 to keep arcs separate; selected row/footer and labels remain usable.
count-1.png,"compact, legible",shared centerline,131px normal; adaptive compact,"secondary, theme-derived",dedicated neutral strips,on calculated response,"centered bank, common baselines",header perimeter removed,no control/axis collision,Intentional unused list capacity; fixed footer and compact editor read as one surface.
count-3.png,"compact, legible",shared centerline,131px normal; adaptive compact,"secondary, theme-derived",dedicated neutral strips,on calculated response,"centered bank, common baselines",header perimeter removed,no control/axis collision,Three readable shared rows; selected row remains clear and footer fixed.
count-8.png,"compact, legible",shared centerline,131px normal; adaptive compact,"secondary, theme-derived",dedicated neutral strips,on calculated response,"centered bank, common baselines",header perimeter removed,no control/axis collision,Selected eighth row remains visible; earlier rows scroll; footer never overlaps.
lp-100.png,"compact, legible",shared centerline,131px normal; adaptive compact,"secondary, theme-derived",dedicated neutral strips,on calculated response,"centered bank, common baselines",header perimeter removed,no control/axis collision,Transition at 100 Hz; handle meets white curve; attenuation intentionally reaches the neutral floor.
lp-1000.png,"compact, legible",shared centerline,131px normal; adaptive compact,"secondary, theme-derived",dedicated neutral strips,on calculated response,"centered bank, common baselines",header perimeter removed,no control/axis collision,Transition at 1 kHz; handle and frequency tick line agree; fill follows descending curve.
lp-10000.png,"compact, legible",shared centerline,131px normal; adaptive compact,"secondary, theme-derived",dedicated neutral strips,on calculated response,"centered bank, common baselines",header perimeter removed,no control/axis collision,Transition moves right; axes stay legible outside fill.
lp-20000.png,"compact, legible",shared centerline,131px normal; adaptive compact,"secondary, theme-derived",dedicated neutral strips,on calculated response,"centered bank, common baselines",header perimeter removed,no control/axis collision,Handle at the right endpoint remains within graph perimeter; high-frequency curve is preserved.
lp-5000.png,"compact, legible",shared centerline,131px normal; adaptive compact,"secondary, theme-derived",dedicated neutral strips,on calculated response,"centered bank, common baselines",header perimeter removed,no control/axis collision,Transition at 5 kHz; clear space remains around handle and axes.
lp-8000.png,"compact, legible",shared centerline,131px normal; adaptive compact,"secondary, theme-derived",dedicated neutral strips,on calculated response,"centered bank, common baselines",header perimeter removed,no control/axis collision,"Primary baseline: compact header, attached handle, subtle fill and coherent parameter bank."
mix-0.00.png,"compact, legible",shared centerline,131px normal; adaptive compact,"secondary, theme-derived",dedicated neutral strips,on calculated response,"centered bank, common baselines",header perimeter removed,no control/axis collision,Unity/dry curve; subdued under-curve region has no extra fill artifacts.
mix-0.25.png,"compact, legible",shared centerline,131px normal; adaptive compact,"secondary, theme-derived",dedicated neutral strips,on calculated response,"centered bank, common baselines",header perimeter removed,no control/axis collision,Partial-Mix cancellation remains readable and the handle stays on response.
mix-0.50.png,"compact, legible",shared centerline,131px normal; adaptive compact,"secondary, theme-derived",dedicated neutral strips,on calculated response,"centered bank, common baselines",header perimeter removed,no control/axis collision,Partial-Mix notch is coherent; neutral axes and white stroke dominate.
mix-0.75.png,"compact, legible",shared centerline,131px normal; adaptive compact,"secondary, theme-derived",dedicated neutral strips,on calculated response,"centered bank, common baselines",header perimeter removed,no control/axis collision,Deeper partial-Mix cancellation stays within intentional plot clipping.
mix-1.00.png,"compact, legible",shared centerline,131px normal; adaptive compact,"secondary, theme-derived",dedicated neutral strips,on calculated response,"centered bank, common baselines",header perimeter removed,no control/axis collision,Wet response and resonant shoulder stay clear.
res-0.0.png,"compact, legible",shared centerline,131px normal; adaptive compact,"secondary, theme-derived",dedicated neutral strips,on calculated response,"centered bank, common baselines",header perimeter removed,no control/axis collision,Low resonance and zero-valued knobs remain present through neutral tracks.
res-0.6.png,"compact, legible",shared centerline,131px normal; adaptive compact,"secondary, theme-derived",dedicated neutral strips,on calculated response,"centered bank, common baselines",header perimeter removed,no control/axis collision,Resonant shoulder and attached handle remain below top bound.
res-1.0.png,"compact, legible",shared centerline,131px normal; adaptive compact,"secondary, theme-derived",dedicated neutral strips,on calculated response,"centered bank, common baselines",header perimeter removed,no control/axis collision,Peak remains inside +18 dB range; no header or dB-label collision.
theme-bright.png,"compact, legible",shared centerline,131px normal; adaptive compact,"secondary, theme-derived",dedicated neutral strips,on calculated response,"centered bank, common baselines",header perimeter removed,no control/axis collision,Bright yellow accent does not overpower graph; white stroke remains primary.
theme-cool.png,"compact, legible",shared centerline,131px normal; adaptive compact,"secondary, theme-derived",dedicated neutral strips,on calculated response,"centered bank, common baselines",header perimeter removed,no control/axis collision,"Cool accent stays restrained; fill, selection and neutral tracks remain clear."
theme-red.png,"compact, legible",shared centerline,131px normal; adaptive compact,"secondary, theme-derived",dedicated neutral strips,on calculated response,"centered bank, common baselines",header perimeter removed,no control/axis collision,Default red is secondary; white stroke and selected row remain legible.
type-1.png,"compact, legible",shared centerline,131px normal; adaptive compact,"secondary, theme-derived",dedicated neutral strips,on calculated response,"centered bank, common baselines",header perimeter removed,no control/axis collision,High-pass handle meets the cutoff shoulder; label is CUTOFF.
type-2.png,"compact, legible",shared centerline,131px normal; adaptive compact,"secondary, theme-derived",dedicated neutral strips,on calculated response,"centered bank, common baselines",header perimeter removed,no control/axis collision,Band-pass handle meets center response; label is FREQUENCY.
type-3.png,"compact, legible",shared centerline,131px normal; adaptive compact,"secondary, theme-derived",dedicated neutral strips,on calculated response,"centered bank, common baselines",header perimeter removed,no control/axis collision,Notch handle meets the actual clipped null; exact cutoff point is included in stroke.
type-4.png,"compact, legible",shared centerline,131px normal; adaptive compact,"secondary, theme-derived",dedicated neutral strips,on calculated response,"centered bank, common baselines",header perimeter removed,no control/axis collision,Peak uses +36 dB range and six aligned controls including Gain.
type-5.png,"compact, legible",shared centerline,131px normal; adaptive compact,"secondary, theme-derived",dedicated neutral strips,on calculated response,"centered bank, common baselines",header perimeter removed,no control/axis collision,All-pass unity response retains an attached frequency handle; phase semantics unchanged.
type-6.png,"compact, legible",shared centerline,131px normal; adaptive compact,"secondary, theme-derived",dedicated neutral strips,on calculated response,"centered bank, common baselines",header perimeter removed,no control/axis collision,Low shelf uses +36 dB range and six controls; handle meets shelf transfer.
type-7.png,"compact, legible",shared centerline,131px normal; adaptive compact,"secondary, theme-derived",dedicated neutral strips,on calculated response,"centered bank, common baselines",header perimeter removed,no control/axis collision,High shelf uses +36 dB range and six controls; labels and value boxes remain aligned.
whole.png,"compact, legible",shared centerline,131px normal; adaptive compact,"secondary, theme-derived",dedicated neutral strips,on calculated response,"centered bank, common baselines",header perimeter removed,no control/axis collision,Canonical 1440x900 Synth canvas keeps filter above keyboard; Modulation/source styling remains consistent.
