rate,block,instances,median_us,p99_us,max_us,p99_deadline_percent,bytes_per_instance
44100,64,1,0.458,219.167,245.583,15.102,271704
44100,64,2,0.75,357.875,379.916,24.6598,271704
44100,64,4,1.375,680.125,711.5,46.8649,271704
44100,64,8,2.75,1324.54,1395.25,91.2692,271704
44100,128,1,0.667,175.5,190.041,6.04652,271704
44100,128,2,1.334,352.083,390.917,12.1304,271704
44100,128,4,2.667,692.208,726.083,23.8487,271704
44100,128,8,5.416,1366.5,1422.5,47.0802,271704
44100,256,1,143.541,177.5,207.5,3.05771,271704
44100,256,2,295.958,356.292,377.209,6.13769,271704
44100,256,4,615.416,676.584,699.75,11.6552,271704
44100,256,8,1259.5,1372.92,1408.79,23.6506,271704
44100,512,1,155.5,183.917,190.5,1.58413,271704
44100,512,2,314.417,348.083,363,2.99814,271704
44100,512,4,648.333,694.584,712.875,5.98265,271704
44100,512,8,1318.21,1424.5,1483.75,12.2696,271704
48000,64,1,0.334,165.084,174.416,12.3813,271704
48000,64,2,0.667,328.125,358.125,24.6094,271704
48000,64,4,1.375,662.166,696.875,49.6625,271704
48000,64,8,2.75,1300.17,1331.96,97.5125,271704
48000,128,1,0.667,167.542,190.167,6.28282,271704
48000,128,2,1.375,335.333,361.167,12.575,271704
48000,128,4,2.708,658,674.791,24.675,271704
48000,128,8,5.375,1309.96,1355.83,49.1235,271704
48000,256,1,143.5,171.041,188.25,3.20702,271704
48000,256,2,294.166,337.958,352.458,6.33671,271704
48000,256,4,606.916,668.417,726.042,12.5328,271704
48000,256,8,1241.29,1322.67,1354.92,24.8,271704
48000,512,1,152.167,175.041,182.125,1.64101,271704
48000,512,2,315.25,349.417,371.375,3.27578,271704
48000,512,4,641.833,694.709,729.375,6.5129,271704
48000,512,8,1293.88,1368.04,1412.12,12.8254,271704
96000,64,1,0.375,296.375,316.125,44.4562,542040
96000,64,2,0.75,593.333,611.541,88.9999,542040
96000,64,4,1.458,1187.92,1234.67,178.188,542040
96000,64,8,2.875,2357.92,2414.42,353.687,542040
96000,128,1,0.75,301.208,319.625,22.5906,542040
96000,128,2,1.5,603.708,638.625,45.2781,542040
96000,128,4,2.917,1247.92,1298.62,93.5937,542040
96000,128,8,5.667,2424.67,2505.54,181.85,542040
96000,256,1,1.5,307.417,333.333,11.5281,542040
96000,256,2,3.042,611.792,635.125,22.9422,542040
96000,256,4,5.75,1217.04,1235.71,45.6391,542040
96000,256,8,11.291,2425.29,2483.75,90.9484,542040
96000,512,1,264.667,315.875,334.792,5.92266,542040
96000,512,2,555.458,624,642.833,11.7,542040
96000,512,4,1138.71,1262,1728.33,23.6625,542040
96000,512,8,2302.33,2563.79,2601.25,48.0711,542040
192000,64,1,0.375,600.958,649.291,180.287,1082712
192000,64,2,0.75,1201,1278.71,360.3,1082712
192000,64,4,1.458,2416.42,2502.08,724.925,1082712
192000,64,8,2.875,4619.67,4855.38,1385.9,1082712
192000,128,1,0.708,580.875,614.625,87.1312,1082712
192000,128,2,1.417,1180.12,1209.46,177.019,1082712
192000,128,4,2.75,2354.96,2388.29,353.244,1082712
192000,128,8,5.458,4680.67,4735.58,702.1,1082712
192000,256,1,1.416,597.208,624.625,44.7906,1082712
192000,256,2,2.792,1176.71,1205.5,88.2531,1082712
192000,256,4,5.5,2369.54,2432.12,177.716,1082712
192000,256,8,10.792,4714.21,4894.58,353.566,1082712
192000,512,1,2.834,598.042,618.916,22.4266,1082712
192000,512,2,5.75,1196.12,1228.92,44.8547,1082712
192000,512,4,11.292,2366.42,2435.79,88.7406,1082712
192000,512,8,22.458,4761.33,5001.12,178.55,1082712
