center,gain,resonance,probe,measured_db,analytic_db,nodes_db,error_db
370,-12,0,184.615,-7.4511,-7.4511,-7.4511,3.71388e-08
370,-12,0,369.231,-11.9999,-11.9999,-11.9999,8.22283e-08
370,-12,0,551.724,-9.95052,-9.95052,-9.95051,6.44876e-08
370,-12,0,738.462,-7.4817,-7.4817,-7.4817,6.10975e-09
370,-12,0.25,184.615,-2.60583,-2.60583,-2.60583,2.55728e-09
370,-12,0.25,369.231,-11.9995,-11.9995,-11.9995,7.15501e-08
370,-12,0.25,551.724,-5.37158,-5.37158,-5.37158,6.11897e-08
370,-12,0.25,738.462,-2.62888,-2.62888,-2.62887,1.94383e-08
370,-12,0.5,184.615,-1.19938,-1.19938,-1.19938,1.06887e-08
370,-12,0.5,369.231,-11.9986,-11.9986,-11.9986,1.18561e-07
370,-12,0.5,551.724,-3.04927,-3.04927,-3.04927,2.3435e-08
370,-12,0.5,738.462,-1.21217,-1.21217,-1.21217,2.30736e-08
370,-12,0.547,184.615,-1.06186,-1.06186,-1.06187,1.5543e-08
370,-12,0.547,369.231,-11.9984,-11.9984,-11.9984,1.02454e-07
370,-12,0.547,551.724,-2.7694,-2.7694,-2.76941,9.39622e-09
370,-12,0.547,738.462,-1.07339,-1.07339,-1.07339,3.60906e-08
370,-12,0.75,184.615,-0.669242,-0.669242,-0.669241,3.93862e-08
370,-12,0.75,369.231,-11.9973,-11.9973,-11.9973,4.11076e-09
370,-12,0.75,551.724,-1.89143,-1.89143,-1.89143,3.43171e-08
370,-12,0.75,738.462,-0.676895,-0.676895,-0.676894,1.73759e-08
370,-12,1,184.615,-0.422347,-0.422347,-0.422346,3.64954e-08
370,-12,1,369.231,-11.9955,-11.9955,-11.9955,1.06783e-09
370,-12,1,551.724,-1.26439,-1.26439,-1.26439,2.93989e-08
370,-12,1,738.462,-0.427336,-0.427336,-0.427336,4.81713e-08
370,-6,0,184.615,-3.8005,-3.8005,-3.8005,2.23156e-08
370,-6,0,369.231,-5.99997,-5.99997,-5.99997,1.63874e-08
370,-6,0,551.724,-5.09326,-5.09326,-5.09326,4.11962e-08
370,-6,0,738.462,-3.81716,-3.81716,-3.81716,4.89631e-08
370,-6,0.25,184.615,-1.17976,-1.17976,-1.17976,2.79896e-09
370,-6,0.25,369.231,-5.99979,-5.99979,-5.99978,3.24319e-08
370,-6,0.25,551.724,-2.65152,-2.65152,-2.65152,1.01081e-08
370,-6,0.25,738.462,-1.19128,-1.19128,-1.19128,3.77186e-08
370,-6,0.5,184.615,-0.510557,-0.510557,-0.510556,1.34563e-08
370,-6,0.5,369.231,-5.99943,-5.99943,-5.99945,3.02505e-09
370,-6,0.5,551.724,-1.40427,-1.40427,-1.40427,1.65834e-08
370,-6,0.5,738.462,-0.516316,-0.516316,-0.516315,1.14535e-08
370,-6,0.547,184.615,-0.449041,-0.449041,-0.449041,6.20629e-08
370,-6,0.547,369.231,-5.99934,-5.99934,-5.99933,5.95641e-08
370,-6,0.547,551.724,-1.2619,-1.2619,-1.2619,1.73277e-08
370,-6,0.547,738.462,-0.45417,-0.45417,-0.454171,4.67384e-08
370,-6,0.75,184.615,-0.277573,-0.277573,-0.277572,7.55227e-09
370,-6,0.75,369.231,-5.9989,-5.9989,-5.99892,1.61583e-11
370,-6,0.75,551.724,-0.831088,-0.831088,-0.831086,3.17616e-08
370,-6,0.75,738.462,-0.280855,-0.280855,-0.280855,1.41412e-08
370,-6,1,184.615,-0.172979,-0.172979,-0.17298,2.96394e-08
370,-6,1,369.231,-5.9982,-5.9982,-5.99819,3.21811e-08
370,-6,1,551.724,-0.539895,-0.539895,-0.539896,4.88455e-08
370,-6,1,738.462,-0.175068,-0.175068,-0.175068,1.23145e-07
370,0,0,184.615,0,0,0,0
370,0,0,369.231,0,0,0,0
370,0,0,551.724,0,0,0,0
370,0,0,738.462,0,0,0,0
370,0,0.25,184.615,0,0,0,0
370,0,0.25,369.231,0,0,0,0
370,0,0.25,551.724,0,0,0,0
370,0,0.25,738.462,0,0,0,0
370,0,0.5,184.615,0,0,0,0
370,0,0.5,369.231,0,0,0,0
370,0,0.5,551.724,0,0,0,0
370,0,0.5,738.462,0,0,0,0
370,0,0.547,184.615,0,0,0,0
370,0,0.547,369.231,0,0,0,0
370,0,0.547,551.724,0,0,0,0
370,0,0.547,738.462,0,0,0,0
370,0,0.75,184.615,0,0,0,0
370,0,0.75,369.231,0,0,0,0
370,0,0.75,551.724,0,0,0,0
370,0,0.75,738.462,0,0,0,0
370,0,1,184.615,0,0,0,0
370,0,1,369.231,0,0,0,0
370,0,1,551.724,0,0,0,0
370,0,1,738.462,0,0,0,0
370,6,0,184.615,3.8005,3.8005,3.8005,1.93258e-09
370,6,0,369.231,5.99997,5.99997,5.99997,1.91205e-08
370,6,0,551.724,5.09326,5.09326,5.09326,8.62146e-09
370,6,0,738.462,3.81716,3.81716,3.81716,4.21954e-09
370,6,0.25,184.615,1.17976,1.17976,1.17975,3.78238e-09
370,6,0.25,369.231,5.99979,5.99979,5.9998,2.6867e-08
370,6,0.25,551.724,2.65152,2.65152,2.65152,1.00239e-08
370,6,0.25,738.462,1.19128,1.19128,1.19128,5.84294e-09
370,6,0.5,184.615,0.510557,0.510557,0.510556,1.74268e-08
370,6,0.5,369.231,5.99943,5.99943,5.99943,3.34014e-08
370,6,0.5,551.724,1.40427,1.40427,1.40427,1.93675e-08
370,6,0.5,738.462,0.516316,0.516316,0.516316,3.62727e-08
370,6,0.547,184.615,0.449041,0.449041,0.449042,2.63063e-08
370,6,0.547,369.231,5.99934,5.99934,5.99933,2.10026e-08
370,6,0.547,551.724,1.2619,1.2619,1.2619,4.99369e-08
370,6,0.547,738.462,0.45417,0.45417,0.45417,1.04401e-08
370,6,0.75,184.615,0.277573,0.277573,0.277572,3.62997e-08
370,6,0.75,369.231,5.9989,5.9989,5.99891,3.07149e-08
370,6,0.75,551.724,0.831088,0.831088,0.831087,2.86848e-08
370,6,0.75,738.462,0.280855,0.280855,0.280855,5.45224e-08
370,6,1,184.615,0.172979,0.172979,0.172979,3.5795e-09
370,6,1,369.231,5.9982,5.9982,5.99821,1.05138e-07
370,6,1,551.724,0.539895,0.539895,0.539895,2.06127e-08
370,6,1,738.462,0.175068,0.175068,0.175068,7.69184e-08
370,12,0,184.615,7.4511,7.4511,7.4511,1.54763e-08
370,12,0,369.231,11.9999,11.9999,11.9999,2.60876e-08
370,12,0,551.724,9.95052,9.95052,9.95052,5.94284e-08
370,12,0,738.462,7.4817,7.4817,7.4817,3.01344e-08
370,12,0.25,184.615,2.60583,2.60583,2.60583,2.54577e-08
370,12,0.25,369.231,11.9995,11.9995,11.9995,3.7892e-08
370,12,0.25,551.724,5.37158,5.37158,5.37158,1.10056e-08
370,12,0.25,738.462,2.62887,2.62887,2.62888,1.29283e-08
370,12,0.5,184.615,1.19938,1.19938,1.19938,3.00429e-08
370,12,0.5,369.231,11.9986,11.9986,11.9986,3.12067e-08
370,12,0.5,551.724,3.04927,3.04927,3.04926,1.26388e-08
370,12,0.5,738.462,1.21217,1.21217,1.21217,5.72618e-10
370,12,0.547,184.615,1.06186,1.06186,1.06186,1.04674e-08
370,12,0.547,369.231,11.9984,11.9984,11.9984,1.40129e-08
370,12,0.547,551.724,2.7694,2.7694,2.7694,2.19114e-09
370,12,0.547,738.462,1.07339,1.07339,1.07339,1.55637e-08
370,12,0.75,184.615,0.669242,0.669242,0.669242,6.28138e-09
370,12,0.75,369.231,11.9973,11.9973,11.9973,2.42799e-08
370,12,0.75,551.724,1.89143,1.89143,1.89143,5.43454e-08
370,12,0.75,738.462,0.676895,0.676895,0.676894,4.67586e-08
370,12,1,184.615,0.422347,0.422347,0.422346,1.97214e-08
370,12,1,369.231,11.9955,11.9955,11.9956,3.7509e-08
370,12,1,551.724,1.26439,1.26439,1.26439,1.53797e-08
370,12,1,738.462,0.427336,0.427336,0.427335,4.33553e-08
1000,-12,0,500,-7.46058,-7.46058,-7.46059,1.10548e-08
1000,-12,0,1000,-12,-12,-12,1.55746e-08
1000,-12,0,1500,-9.88869,-9.88869,-9.88869,1.73014e-07
1000,-12,0,2000,-7.43406,-7.43406,-7.43406,5.34334e-08
1000,-12,0.25,500,-2.61296,-2.61296,-2.61296,1.29578e-08
1000,-12,0.25,1000,-12,-12,-12,1.12708e-08
1000,-12,0.25,1500,-5.27128,-5.27128,-5.27128,1.15584e-07
1000,-12,0.25,2000,-2.59308,-2.59308,-2.59308,3.85373e-08
1000,-12,0.5,500,-1.20333,-1.20333,-1.20333,6.33294e-09
1000,-12,0.5,1000,-12,-12,-12,1.55746e-08
1000,-12,0.5,1500,-2.97025,-2.97025,-2.97025,4.87795e-08
1000,-12,0.5,2000,-1.19233,-1.19232,-1.19232,9.4837e-08
1000,-12,0.547,500,-1.06542,-1.06542,-1.06542,5.63381e-08
1000,-12,0.547,1000,-12,-12,-12,9.08813e-08
1000,-12,0.547,1500,-2.69495,-2.69495,-2.69495,2.87445e-08
1000,-12,0.547,2000,-1.0555,-1.0555,-1.0555,2.83403e-08
1000,-12,0.75,500,-0.671604,-0.671604,-0.671603,7.55876e-09
1000,-12,0.75,1000,-12,-12,-12,1.3099e-08
1000,-12,0.75,1500,-1.83446,-1.83446,-1.83446,1.51807e-08
1000,-12,0.75,2000,-0.665023,-0.665023,-0.665022,7.15056e-08
1000,-12,1,500,-0.423887,-0.423887,-0.423886,1.38215e-08
1000,-12,1,1000,-12,-12,-12,3.87741e-08
1000,-12,1,1500,-1.22314,-1.22314,-1.22314,6.86311e-08
1000,-12,1,2000,-0.419598,-0.419598,-0.419597,5.89397e-08
1000,-6,0,500,-3.80567,-3.80567,-3.80567,5.97695e-08
1000,-6,0,1000,-6,-6,-6,1.25037e-07
1000,-6,0,1500,-5.06343,-5.06343,-5.06343,5.45197e-08
1000,-6,0,2000,-3.79122,-3.79122,-3.79122,1.1415e-07
1000,-6,0.25,500,-1.18332,-1.18332,-1.18332,9.76632e-08
1000,-6,0.25,1000,-6,-6,-6,1.09904e-07
1000,-6,0.25,1500,-2.59607,-2.59607,-2.59606,3.22622e-08
1000,-6,0.25,2000,-1.17339,-1.17339,-1.17339,1.19363e-08
1000,-6,0.5,500,-0.512335,-0.512335,-0.512335,4.37344e-08
1000,-6,0.5,1000,-6,-6,-6,7.38923e-08
1000,-6,0.5,1500,-1.36385,-1.36385,-1.36385,5.38993e-09
1000,-6,0.5,2000,-0.507382,-0.507382,-0.507382,1.25347e-07
1000,-6,0.547,500,-0.450624,-0.450624,-0.450625,9.7214e-10
1000,-6,0.547,1000,-6,-6,-6,7.38923e-08
1000,-6,0.547,1500,-1.22441,-1.22441,-1.22441,9.99305e-08
1000,-6,0.547,2000,-0.446213,-0.446213,-0.446213,2.50814e-08
1000,-6,0.75,500,-0.278586,-0.278586,-0.278586,2.50799e-08
1000,-6,0.75,1000,-6,-6,-6.00001,8.03264e-08
1000,-6,0.75,1500,-0.804032,-0.804032,-0.804031,5.61598e-08
1000,-6,0.75,2000,-0.275764,-0.275764,-0.275764,2.28444e-08
1000,-6,1,500,-0.173624,-0.173624,-0.173624,2.54724e-08
1000,-6,1,1000,-6,-6,-6,8.63538e-08
1000,-6,1,1500,-0.521258,-0.521258,-0.521258,4.04894e-08
1000,-6,1,2000,-0.171829,-0.171829,-0.171829,1.07751e-07
1000,0,0,500,0,0,0,0
1000,0,0,1000,0,0,0,0
1000,0,0,1500,0,0,0,0
1000,0,0,2000,0,0,0,0
1000,0,0.25,500,0,0,0,0
1000,0,0.25,1000,0,0,0,0
1000,0,0.25,1500,0,0,0,0
1000,0,0.25,2000,0,0,0,0
1000,0,0.5,500,0,0,0,0
1000,0,0.5,1000,0,0,0,0
1000,0,0.5,1500,0,0,0,0
1000,0,0.5,2000,0,0,0,0
1000,0,0.547,500,0,0,0,0
1000,0,0.547,1000,0,0,0,0
1000,0,0.547,1500,0,0,0,0
1000,0,0.547,2000,0,0,0,0
1000,0,0.75,500,0,0,0,0
1000,0,0.75,1000,0,0,0,0
1000,0,0.75,1500,0,0,0,0
1000,0,0.75,2000,0,0,0,0
1000,0,1,500,0,0,0,0
1000,0,1,1000,0,0,0,0
1000,0,1,1500,0,0,0,0
1000,0,1,2000,0,0,0,0
1000,6,0,500,3.80567,3.80567,3.80567,1.36253e-09
1000,6,0,1000,6,6,6,1.0101e-07
1000,6,0,1500,5.06343,5.06343,5.06343,1.85468e-07
1000,6,0,2000,3.79122,3.79122,3.79122,1.36725e-07
1000,6,0.25,500,1.18332,1.18332,1.18332,1.10361e-08
1000,6,0.25,1000,6,6,6,1.74987e-08
1000,6,0.25,1500,2.59607,2.59607,2.59606,2.95164e-08
1000,6,0.25,2000,1.17339,1.17339,1.17339,1.72162e-07
1000,6,0.5,500,0.512335,0.512335,0.512335,1.01281e-08
1000,6,0.5,1000,6,6,6,1.05544e-08
1000,6,0.5,1500,1.36385,1.36385,1.36385,3.36357e-08
1000,6,0.5,2000,0.507382,0.507382,0.507381,3.36945e-08
1000,6,0.547,500,0.450624,0.450624,0.450624,9.03632e-09
1000,6,0.547,1000,6,6,6,6.85347e-08
1000,6,0.547,1500,1.22441,1.22441,1.22441,6.88358e-08
1000,6,0.547,2000,0.446213,0.446213,0.446213,2.52404e-08
1000,6,0.75,500,0.278586,0.278586,0.278586,1.21763e-08
1000,6,0.75,1000,6,6,6.00001,7.22092e-08
1000,6,0.75,1500,0.804032,0.804032,0.804031,4.55159e-08
1000,6,0.75,2000,0.275764,0.275764,0.275764,7.10308e-08
1000,6,1,500,0.173624,0.173624,0.173624,1.49421e-10
1000,6,1,1000,6,6,5.99999,5.621e-09
1000,6,1,1500,0.521258,0.521258,0.521258,6.88962e-09
1000,6,1,2000,0.171829,0.171829,0.171829,5.10305e-08
1000,12,0,500,7.46058,7.46058,7.46059,4.30255e-08
1000,12,0,1000,12,12,12,1.06273e-07
1000,12,0,1500,9.88869,9.88869,9.88869,1.27406e-07
1000,12,0,2000,7.43406,7.43406,7.43406,1.57335e-07
1000,12,0.25,500,2.61296,2.61296,2.61296,1.91711e-08
1000,12,0.25,1000,12,12,12,1.37221e-08
1000,12,0.25,1500,5.27128,5.27128,5.27128,6.67725e-08
1000,12,0.25,2000,2.59308,2.59308,2.59308,4.65276e-08
1000,12,0.5,500,1.20333,1.20333,1.20333,2.30119e-09
1000,12,0.5,1000,12,12,12,2.92977e-08
1000,12,0.5,1500,2.97025,2.97025,2.97025,9.10163e-08
1000,12,0.5,2000,1.19232,1.19232,1.19233,5.62583e-08
1000,12,0.547,500,1.06542,1.06542,1.06542,1.13978e-08
1000,12,0.547,1000,12,12,12,2.92977e-08
1000,12,0.547,1500,2.69495,2.69495,2.69495,3.59258e-08
1000,12,0.547,2000,1.0555,1.0555,1.0555,2.25343e-08
1000,12,0.75,500,0.671604,0.671604,0.671605,4.9901e-08
1000,12,0.75,1000,12,12,12,5.30593e-08
1000,12,0.75,1500,1.83446,1.83446,1.83446,3.61353e-08
1000,12,0.75,2000,0.665023,0.665023,0.665024,2.04143e-08
1000,12,1,500,0.423887,0.423887,0.423886,8.27713e-08
1000,12,1,1000,12,12,12,1.17674e-08
1000,12,1,1500,1.22314,1.22314,1.22313,1.09398e-07
1000,12,1,2000,0.419598,0.419598,0.419597,5.44629e-08
8000,-12,0,4000,-6.8684,-6.8684,-6.8684,1.17487e-08
8000,-12,0,8000,-12,-12,-12,1.10186e-06
8000,-12,0,12000,-8.6812,-8.6812,-8.6812,1.10552e-07
8000,-12,0,15937.5,-4.58893,-4.58893,-4.58893,1.26501e-08
8000,-12,0.25,4000,-2.20001,-2.20001,-2.20001,1.86026e-08
8000,-12,0.25,8000,-12,-12,-12,1.10186e-06
8000,-12,0.25,12000,-3.70244,-3.70244,-3.70244,3.35604e-07
8000,-12,0.25,15937.5,-1.06777,-1.06777,-1.06777,2.26477e-08
8000,-12,0.5,4000,-0.980831,-0.980832,-0.980832,1.30864e-07
8000,-12,0.5,8000,-12,-12,-12,1.10186e-06
8000,-12,0.5,12000,-1.85471,-1.85471,-1.85471,2.53367e-07
8000,-12,0.5,15937.5,-0.434923,-0.434923,-0.434923,9.71284e-09
8000,-12,0.547,4000,-0.865473,-0.865473,-0.865474,7.50216e-08
8000,-12,0.547,8000,-12,-12,-12,1.10186e-06
8000,-12,0.547,12000,-1.65786,-1.65786,-1.65786,1.66145e-07
8000,-12,0.547,15937.5,-0.380448,-0.380448,-0.380448,5.01307e-08
8000,-12,0.75,4000,-0.540156,-0.540157,-0.540157,1.08187e-07
8000,-12,0.75,8000,-12,-12,-12,1.72202e-07
8000,-12,0.75,12000,-1.0756,-1.0756,-1.0756,1.68859e-07
8000,-12,0.75,15937.5,-0.231663,-0.231663,-0.231663,3.6155e-08
8000,-12,1,4000,-0.338729,-0.338729,-0.338729,1.88113e-07
8000,-12,1,8000,-12,-12,-12,1.72202e-07
8000,-12,1,12000,-0.692253,-0.692253,-0.692253,3.96049e-07
8000,-12,1,15937.5,-0.143062,-0.143062,-0.143062,5.5963e-08
8000,-6,0,4000,-3.48103,-3.48103,-3.48103,3.3678e-08
8000,-6,0,8000,-6,-6,-6,1.15695e-07
8000,-6,0,12000,-4.45657,-4.45657,-4.45657,2.19501e-07
8000,-6,0,15937.5,-2.22131,-2.22131,-2.22131,2.21238e-08
8000,-6,0.25,4000,-0.979601,-0.979601,-0.9796,4.47071e-08
8000,-6,0.25,8000,-6,-6,-6,1.15695e-07
8000,-6,0.25,12000,-1.74466,-1.74466,-1.74466,4.37075e-09
8000,-6,0.25,15937.5,-0.45167,-0.45167,-0.45167,2.24266e-08
8000,-6,0.5,4000,-0.413144,-0.413144,-0.413144,1.09598e-07
8000,-6,0.5,8000,-6,-6,-6,1.15695e-07
8000,-6,0.5,12000,-0.813637,-0.813637,-0.813637,3.25769e-07
8000,-6,0.5,15937.5,-0.178246,-0.178246,-0.178246,3.60748e-08
8000,-6,0.547,4000,-0.362493,-0.362493,-0.362493,8.3457e-08
8000,-6,0.547,8000,-6,-6,-6,1.15695e-07
8000,-6,0.547,12000,-0.720913,-0.720913,-0.720913,7.26783e-08
8000,-6,0.547,15937.5,-0.155482,-0.155482,-0.155482,3.02789e-08
8000,-6,0.75,4000,-0.222572,-0.222572,-0.222572,1.13019e-07
8000,-6,0.75,8000,-6,-6,-6,1.15695e-07
8000,-6,0.75,12000,-0.455154,-0.455154,-0.455154,1.13427e-07
8000,-6,0.75,15937.5,-0.0939443,-0.0939444,-0.0939443,2.07566e-08
8000,-6,1,4000,-0.138133,-0.138133,-0.138133,1.34921e-07
8000,-6,1,8000,-6,-6,-6,1.15695e-07
8000,-6,1,12000,-0.287449,-0.287449,-0.287449,7.15758e-08
8000,-6,1,15937.5,-0.0577443,-0.0577443,-0.0577443,9.52669e-09
8000,0,0,4000,0,0,0,0
8000,0,0,8000,0,0,0,0
8000,0,0,12000,0,0,0,0
8000,0,0,15937.5,0,0,0,0
8000,0,0.25,4000,0,0,0,0
8000,0,0.25,8000,0,0,0,0
8000,0,0.25,12000,0,0,0,0
8000,0,0.25,15937.5,0,0,0,0
8000,0,0.5,4000,0,0,0,0
8000,0,0.5,8000,0,0,0,0
8000,0,0.5,12000,0,0,0,0
8000,0,0.5,15937.5,0,0,0,0
8000,0,0.547,4000,0,0,0,0
8000,0,0.547,8000,0,0,0,0
8000,0,0.547,12000,0,0,0,0
8000,0,0.547,15937.5,0,0,0,0
8000,0,0.75,4000,0,0,0,0
8000,0,0.75,8000,0,0,0,0
8000,0,0.75,12000,0,0,0,0
8000,0,0.75,15937.5,0,0,0,0
8000,0,1,4000,0,0,0,0
8000,0,1,8000,0,0,0,0
8000,0,1,12000,0,0,0,0
8000,0,1,15937.5,0,0,0,0
8000,6,0,4000,3.48103,3.48103,3.48103,1.36063e-08
8000,6,0,8000,6,6,6,3.95577e-07
8000,6,0,12000,4.45657,4.45657,4.45657,3.58314e-08
8000,6,0,15937.5,2.22131,2.22131,2.22131,1.31398e-08
8000,6,0.25,4000,0.979601,0.979601,0.979601,8.2161e-08
8000,6,0.25,8000,6,6,6,7.25715e-08
8000,6,0.25,12000,1.74466,1.74466,1.74466,1.94459e-07
8000,6,0.25,15937.5,0.45167,0.45167,0.45167,6.91197e-09
8000,6,0.5,4000,0.413144,0.413144,0.413144,6.90377e-08
8000,6,0.5,8000,6,6,6,7.25715e-08
8000,6,0.5,12000,0.813637,0.813637,0.813638,2.57238e-07
8000,6,0.5,15937.5,0.178246,0.178246,0.178246,2.31061e-09
8000,6,0.547,4000,0.362493,0.362493,0.362493,6.45909e-08
8000,6,0.547,8000,6,6,6,7.25715e-08
8000,6,0.547,12000,0.720913,0.720913,0.720914,2.70244e-07
8000,6,0.547,15937.5,0.155482,0.155482,0.155482,1.20851e-08
8000,6,0.75,4000,0.222572,0.222572,0.222572,1.52264e-07
8000,6,0.75,8000,6,6,6,7.25715e-08
8000,6,0.75,12000,0.455155,0.455154,0.455154,1.50381e-07
8000,6,0.75,15937.5,0.0939443,0.0939444,0.0939443,3.54751e-08
8000,6,1,4000,0.138133,0.138133,0.138133,1.08689e-07
8000,6,1,8000,6,6,6,7.25715e-08
8000,6,1,12000,0.287449,0.287449,0.287449,9.81791e-08
8000,6,1,15937.5,0.0577444,0.0577443,0.0577444,4.60526e-08
8000,12,0,4000,6.8684,6.8684,6.8684,1.94873e-07
8000,12,0,8000,12,12,12,4.4206e-08
8000,12,0,12000,8.6812,8.6812,8.6812,2.00916e-07
8000,12,0,15937.5,4.58893,4.58893,4.58893,8.19111e-09
8000,12,0.25,4000,2.20001,2.20001,2.20001,4.02545e-08
8000,12,0.25,8000,12,12,12,4.4206e-08
8000,12,0.25,12000,3.70244,3.70244,3.70244,1.10061e-07
8000,12,0.25,15937.5,1.06777,1.06777,1.06778,1.42632e-08
8000,12,0.5,4000,0.980832,0.980831,0.980831,9.34612e-08
8000,12,0.5,8000,12,12,12,4.4206e-08
8000,12,0.5,12000,1.85471,1.85471,1.85471,1.43093e-07
8000,12,0.5,15937.5,0.434923,0.434923,0.434923,3.80504e-08
8000,12,0.547,4000,0.865473,0.865473,0.865473,1.0169e-07
8000,12,0.547,8000,12,12,12,4.4206e-08
8000,12,0.547,12000,1.65786,1.65786,1.65786,1.15981e-08
8000,12,0.547,15937.5,0.380448,0.380448,0.380448,1.45948e-08
8000,12,0.75,4000,0.540156,0.540156,0.540157,4.73509e-08
8000,12,0.75,8000,12,12,12,4.4206e-08
8000,12,0.75,12000,1.0756,1.0756,1.0756,1.72904e-07
8000,12,0.75,15937.5,0.231663,0.231663,0.231663,3.02231e-08
8000,12,1,4000,0.33873,0.338729,0.33873,2.50225e-07
8000,12,1,8000,12,12,12,4.25054e-07
8000,12,1,12000,0.692253,0.692253,0.692253,6.86235e-08
8000,12,1,15937.5,0.143062,0.143062,0.143062,6.89056e-09
