fixture,rate,block,instances,mean_us,median_us,p99_us,max_us,p99_deadline_percent,bytes_per_instance
tonal,44100,64,1,11.3999,1.875,82,97.208,5.65031,386776
tonal,44100,64,2,20.8303,3.041,82.791,91.375,5.70482,386776
tonal,44100,64,4,36.2117,63.292,77.875,98.167,5.36607,386776
tonal,44100,64,8,86.9151,80.208,217.708,745,15.0014,386776
tonal,44100,128,1,18.6249,3.375,69.917,80.25,2.40886,386776
tonal,44100,128,2,35.805,63.542,72.167,107.25,2.48638,386776
tonal,44100,128,4,70.1451,69.5,139.792,159.834,4.81627,386776
tonal,44100,128,8,142.856,140.167,184,291.5,6.33938,386776
tonal,44100,256,1,37.1057,64.167,79.834,135.042,1.37527,386776
tonal,44100,256,2,71.5283,70.083,86.458,153.333,1.48937,386776
tonal,44100,256,4,140.591,194.833,224.667,281.375,3.87024,386776
tonal,44100,256,8,287.12,283.666,363.167,413.167,6.25612,386776
tonal,44100,512,1,74.2649,71.917,121.083,252.292,1.04292,386776
tonal,44100,512,2,143.387,142.459,165.958,232.375,1.42944,386776
tonal,44100,512,4,280.639,279.583,304.459,337.75,2.62239,386776
tonal,44100,512,8,567.464,565.667,607.833,694.875,5.23544,386776
tonal,48000,64,1,8.95401,1.583,65.25,79.583,4.89375,386776
tonal,48000,64,2,17.3528,2.375,69,111,5.175,386776
tonal,48000,64,4,33.83,59.792,73.5,114.541,5.5125,386776
tonal,48000,64,8,68.3025,66.917,139.041,147.625,10.4281,386776
tonal,48000,128,1,18.2069,3.375,69.5,81.333,2.60625,386776
tonal,48000,128,2,35.0281,61.667,73.375,83.209,2.75156,386776
tonal,48000,128,4,68.363,67.333,138.75,166.042,5.20312,386776
tonal,48000,128,8,137.284,135.458,161.584,223.5,6.0594,386776
tonal,48000,256,1,36.336,62.417,76.125,108.625,1.42734,386776
tonal,48000,256,2,69.463,68.042,84.542,101.458,1.58516,386776
tonal,48000,256,4,136.058,189.209,217.5,303.75,4.07812,386776
tonal,48000,256,8,273.386,271.666,301.542,329.709,5.65391,386776
tonal,48000,512,1,72.5881,72.5,84.542,110.834,0.792581,386776
tonal,48000,512,2,139.075,138.625,155.417,189.583,1.45703,386776
tonal,48000,512,4,271.134,269.416,312.208,374.375,2.92695,386776
tonal,48000,512,8,546.877,545.583,593.041,656.708,5.55976,386776
tonal,96000,64,1,7.08919,1.416,93,144.875,13.95,771800
tonal,96000,64,2,13.4967,2.208,94.667,108.458,14.2,771800
tonal,96000,64,4,26.3883,3.709,102.125,145.417,15.3187,771800
tonal,96000,64,8,52.4726,7.875,193,219.292,28.95,771800
tonal,96000,128,1,14.0436,2.792,96.417,104.042,7.23128,771800
tonal,96000,128,2,26.8705,4.958,100.666,108.583,7.54995,771800
tonal,96000,128,4,52.0617,92.167,108.083,132.875,8.10623,771800
tonal,96000,128,8,105.087,103.083,211.959,287.625,15.8969,771800
tonal,96000,256,1,28.0369,5.583,105.958,141.625,3.97343,771800
tonal,96000,256,2,53.7399,92.959,115.833,284.875,4.34374,771800
tonal,96000,256,4,105.242,103.208,211.416,336.709,7.9281,771800
tonal,96000,256,8,208.26,207.917,319.5,350.959,11.9812,771800
tonal,96000,512,1,56.0376,95.541,110.667,116.917,2.07501,771800
tonal,96000,512,2,107.491,106.125,136.166,178.667,2.55311,771800
tonal,96000,512,4,210.124,209.208,238.542,340.167,4.47266,771800
tonal,96000,512,8,417.384,481.416,540.583,618.917,10.1359,771800
tonal,192000,64,1,6.39049,1.375,159.458,197.334,47.8374,1541848
tonal,192000,64,2,11.8853,2.125,161.542,177,48.4626,1541848
tonal,192000,64,4,23.4758,3.542,171.416,302.916,51.4248,1541848
tonal,192000,64,8,46.6628,6.666,181.709,298.625,54.5127,1541848
tonal,192000,128,1,12.5244,2.75,160.541,169.417,24.0812,1541848
tonal,192000,128,2,23.8124,4.166,169.458,190.917,25.4187,1541848
tonal,192000,128,4,45.865,6.834,170.083,189.958,25.5125,1541848
tonal,192000,128,8,90.3383,160.542,182.292,208,27.3438,1541848
tonal,192000,256,1,25.0127,5.417,165.959,273.292,12.4469,1541848
tonal,192000,256,2,47.2683,8.167,174.875,199.416,13.1156,1541848
tonal,192000,256,4,91.7929,161,187.292,226.834,14.0469,1541848
tonal,192000,256,8,181.138,179.792,352.459,382.25,26.4344,1541848
tonal,192000,512,1,49.8789,10.833,178.25,208.542,6.68438,1541848
tonal,192000,512,2,93.9264,162.833,186.792,218.833,7.0047,1541848
tonal,192000,512,4,190.831,188.833,236.167,297.541,8.85626,1541848
tonal,192000,512,8,363.926,359.917,551.708,604.416,20.6891,1541848
broadband,44100,64,1,19.155,1.584,151.792,290.5,10.4594,386776
broadband,44100,64,2,34.0802,2.583,159.541,279.5,10.9934,386776
broadband,44100,64,4,59.8289,93.291,153.208,170.375,10.557,386776
broadband,44100,64,8,110.378,102.875,250.291,347.833,17.2466,386776
broadband,44100,128,1,37.3852,3.375,155.667,177.292,5.36321,386776
broadband,44100,128,2,66.3457,103.708,153.167,177.5,5.27708,386776
broadband,44100,128,4,118.2,137.375,226.792,256.5,7.81369,386776
broadband,44100,128,8,221.673,217.708,331.084,403.875,11.4069,386776
broadband,44100,256,1,74.2366,132.417,164.875,199.791,2.84023,386776
broadband,44100,256,2,132.501,138.292,162.125,177.459,2.79286,386776
broadband,44100,256,4,237.912,303.708,352.625,436.041,6.07452,386776
broadband,44100,256,8,432.08,431.833,462.125,487.333,7.96083,386776
broadband,44100,512,1,147.049,146.333,167.417,179.083,1.44201,386776
broadband,44100,512,2,265.852,263.334,314.625,404.958,2.70995,386776
broadband,44100,512,4,473.908,470.041,562.25,614.208,4.84282,386776
broadband,44100,512,8,868.555,865,946.042,1034.17,8.14853,386776
broadband,48000,64,1,17.7919,1.708,136.666,154.042,10.25,386776
broadband,48000,64,2,32.0155,2.625,137.541,158.625,10.3156,386776
broadband,48000,64,4,58.6246,91.5,149.667,210.375,11.225,386776
broadband,48000,64,8,107.316,101.084,241.125,384.166,18.0844,386776
broadband,48000,128,1,35.6849,3.375,140.625,158.25,5.27344,386776
broadband,48000,128,2,63.8596,102.917,141,154.042,5.2875,386776
broadband,48000,128,4,115.322,129.625,225.833,243.5,8.46874,386776
broadband,48000,128,8,215.333,213.708,266.541,347.042,9.99529,386776
broadband,48000,256,1,71.7456,126.917,161.125,283.75,3.02109,386776
broadband,48000,256,2,129.825,133.416,186.042,280.417,3.48829,386776
broadband,48000,256,4,233.722,298,346.208,422.75,6.4914,386776
broadband,48000,256,8,427.297,425.041,493.084,577.791,9.24532,386776
broadband,48000,512,1,142.397,141.042,169.417,186.958,1.58828,386776
broadband,48000,512,2,256.041,254.292,285.459,345.708,2.67618,386776
broadband,48000,512,4,460.798,458.625,499.75,529.292,4.68516,386776
broadband,48000,512,8,853.912,851.25,913.833,976.958,8.56718,386776
broadband,96000,64,1,13.3031,1.458,194.167,200.333,29.1251,771800
broadband,96000,64,2,24.9378,2.292,200.625,208.5,30.0938,771800
broadband,96000,64,4,46.1996,4.292,199.083,219.167,29.8624,771800
broadband,96000,64,8,88.7721,7.958,360.042,432.958,54.0063,771800
broadband,96000,128,1,26.8414,2.875,203,235.167,15.225,771800
broadband,96000,128,2,50.6829,4.334,256.75,333.958,19.2563,771800
broadband,96000,128,4,92.3573,155.417,209.042,239.209,15.6782,771800
broadband,96000,128,8,177.672,171.375,375.875,492.041,28.1906,771800
broadband,96000,256,1,53.5375,5.708,211.792,233.208,7.9422,771800
broadband,96000,256,2,98.9762,167.417,220.125,234.084,8.25469,771800
broadband,96000,256,4,184.727,196.917,360.375,377.125,13.5141,771800
broadband,96000,256,8,355.163,350.458,580.75,660.167,21.7781,771800
broadband,96000,512,1,106.965,191.125,225.667,264.25,4.23126,771800
broadband,96000,512,2,197.083,200.75,226.625,239.875,4.24922,771800
broadband,96000,512,4,370.345,372.417,417.625,506.834,7.83047,771800
broadband,96000,512,8,701.827,835.333,955.791,1020.62,17.9211,771800
broadband,192000,64,1,11.7144,1.375,328.834,419.875,98.6502,1541848
broadband,192000,64,2,22.0277,2.125,332.375,396.791,99.7125,1541848
broadband,192000,64,4,41.7003,3.583,331.125,348.792,99.3375,1541848
broadband,192000,64,8,80.2334,6.417,334.166,390.083,100.25,1541848
broadband,192000,128,1,23.3243,2.75,336.292,385.833,50.4438,1541848
broadband,192000,128,2,44.3991,4.125,353.458,469.542,53.0187,1541848
broadband,192000,128,4,83.7871,6.875,349.084,413.75,52.3626,1541848
broadband,192000,128,8,161.389,283.083,351.125,388.5,52.6688,1541848
broadband,192000,256,1,45.9757,5.375,343.708,365.416,25.7781,1541848
broadband,192000,256,2,87.1775,8.125,358.417,456.583,26.8813,1541848
broadband,192000,256,4,167.167,293,359.167,481.667,26.9375,1541848
broadband,192000,256,8,326.394,319.208,682.083,755.542,51.1562,1541848
broadband,192000,512,1,92.8241,10.916,360,393.292,13.5,1541848
broadband,192000,512,2,174.769,308.292,368.292,447.333,13.811,1541848
broadband,192000,512,4,332.756,327.5,379.25,506.584,14.2219,1541848
broadband,192000,512,8,644.153,631.917,1022.62,1104.75,38.3484,1541848
