fixture,rate,block,instances,before_mean_us,after_mean_us,mean_delta_percent,before_p99_deadline_percent,after_p99_deadline_percent
tonal,44100,64,1,12.2716,11.3999,-7.103393200560637,6.18434,5.65031
tonal,44100,64,2,24.5214,20.8303,-15.05256632981803,9.32818,5.70482
tonal,44100,64,4,35.7162,36.2117,1.3873256393457378,5.39763,5.36607
tonal,44100,64,8,71.836,86.9151,20.991007294392784,9.98851,15.0014
tonal,44100,128,1,18.8354,18.6249,-1.1175764783333486,2.48638,2.40886
tonal,44100,128,2,36.3374,35.805,-1.4651571108554862,2.69165,2.48638
tonal,44100,128,4,70.8256,70.1451,-0.9608107802828281,4.89093,4.81627
tonal,44100,128,8,143.718,142.856,-0.5997856914234823,5.81682,6.33938
tonal,44100,256,1,37.9719,37.1057,-2.281160542401084,1.37813,1.37527
tonal,44100,256,2,73.4522,71.5283,-2.6192544266883777,1.75926,1.48937
tonal,44100,256,4,144.624,140.591,-2.788610465759478,5.15648,3.87024
tonal,44100,256,8,290.924,287.12,-1.3075579876531185,6.16997,6.25612
tonal,44100,512,1,75.8429,74.2649,-2.0806166430872297,0.76802,1.04292
tonal,44100,512,2,145.736,143.387,-1.6118186309491023,1.40935,1.42944
tonal,44100,512,4,283.571,280.639,-1.0339562226038712,2.64643,2.62239
tonal,44100,512,8,575.672,567.464,-1.4258119206770448,5.3327,5.23544
tonal,48000,64,1,9.15975,8.95401,-2.2461311717022925,4.9125,4.89375
tonal,48000,64,2,17.7325,17.3528,-2.141266036937839,5.28127,5.175
tonal,48000,64,4,34.7591,33.83,-2.672969092985722,5.62185,5.5125
tonal,48000,64,8,69.213,68.3025,-1.3155043127736077,10.425,10.4281
tonal,48000,128,1,18.6397,18.2069,-2.3219257820673134,2.61251,2.60625
tonal,48000,128,2,35.481,35.0281,-1.2764578224965462,2.8125,2.75156
tonal,48000,128,4,69.7579,68.363,-1.9996301494167756,5.27344,5.20312
tonal,48000,128,8,138.9,137.284,-1.163426925845945,5.91405,6.0594
tonal,48000,256,1,36.4159,36.336,-0.2194096534755441,1.40783,1.42734
tonal,48000,256,2,69.9034,69.463,-0.6300122740811043,1.54061,1.58516
tonal,48000,256,4,137.448,136.058,-1.011291542983539,4.19921,4.07812
tonal,48000,256,8,275.565,273.386,-0.7907390270897929,5.6289,5.65391
tonal,48000,512,1,74.6671,72.5881,-2.7843588407745923,0.822656,0.792581
tonal,48000,512,2,140.635,139.075,-1.1092544530166726,1.46054,1.45703
tonal,48000,512,4,275.396,271.134,-1.547589652718273,2.98125,2.92695
tonal,48000,512,8,554.459,546.877,-1.3674590907533313,5.58398,5.55976
tonal,96000,64,1,7.12196,7.08919,-0.46012614504994387,14.0437,13.95
tonal,96000,64,2,13.4536,13.4967,0.3203603496461982,14.3187,14.2
tonal,96000,64,4,26.714,26.3883,-1.2192109006513352,15.4561,15.3187
tonal,96000,64,8,53.1303,52.4726,-1.2379000306792842,29.9562,28.95
tonal,96000,128,1,14.0342,14.0436,0.06697923643670389,7.32503,7.23128
tonal,96000,128,2,26.7272,26.8705,0.5361579215181544,7.40318,7.54995
tonal,96000,128,4,52.2016,52.0617,-0.2679994482927661,7.87815,8.10623
tonal,96000,128,8,105.41,105.087,-0.30642254055591733,15.6407,15.8969
tonal,96000,256,1,27.9837,28.0369,0.1901106715695322,3.84532,3.97343
tonal,96000,256,2,54.0185,53.7399,-0.5157492340587155,4.10779,4.34374
tonal,96000,256,4,105.487,105.242,-0.23225610738762947,7.83592,7.9281
tonal,96000,256,8,210.202,208.26,-0.9238732267057403,12.0609,11.9812
tonal,96000,512,1,56.3168,56.0376,-0.49576680493210734,2.07969,2.07501
tonal,96000,512,2,107.782,107.491,-0.26998942309476304,2.33749,2.55311
tonal,96000,512,4,211.294,210.124,-0.5537308205628255,4.49374,4.47266
tonal,96000,512,8,419.067,417.384,-0.40160642570280514,10.2203,10.1359
tonal,192000,64,1,6.33776,6.39049,0.8319974249576978,47.6625,47.8374
tonal,192000,64,2,12.0718,11.8853,-1.54492287811262,49.0251,48.4626
tonal,192000,64,4,23.4548,23.4758,0.08953391203505578,50.9001,51.4248
tonal,192000,64,8,46.6023,46.6628,0.1298219186606664,53.775,54.5127
tonal,192000,128,1,12.5986,12.5244,-0.5889543282586951,24.7187,24.0812
tonal,192000,128,2,23.7507,23.8124,0.2597818169569832,25.4501,25.4187
tonal,192000,128,4,46.4077,45.865,-1.1694180060636383,26.7312,25.5125
tonal,192000,128,8,92.4407,90.3383,-2.2743228902420753,29.5062,27.3438
tonal,192000,256,1,25.1242,25.0127,-0.443795225320609,12.7969,12.4469
tonal,192000,256,2,46.9204,47.2683,0.7414685296800672,12.9312,13.1156
tonal,192000,256,4,92.3113,91.7929,-0.5615780516578184,14.0406,14.0469
tonal,192000,256,8,185.292,181.138,-2.241866891177169,27.3094,26.4344
tonal,192000,512,1,49.908,49.8789,-0.05830728540514585,6.65314,6.68438
tonal,192000,512,2,95.1492,93.9264,-1.2851395492552653,7.2453,7.0047
tonal,192000,512,4,185.31,190.831,2.9793319302789945,7.97186,8.85626
tonal,192000,512,8,370.411,363.926,-1.7507579418537866,21.5547,20.6891
broadband,44100,64,1,19.032,19.155,0.6462799495586369,10.1752,10.4594
broadband,44100,64,2,33.8275,34.0802,0.7470253491981271,10.5657,10.9934
broadband,44100,64,4,60.641,59.8289,-1.3391929552612925,10.6001,10.557
broadband,44100,64,8,110.105,110.378,0.2479451432723323,17.2122,17.2466
broadband,44100,128,1,36.8097,37.3852,1.563446591523432,4.98278,5.36321
broadband,44100,128,2,66.8786,66.3457,-0.7968169190144758,5.41631,5.27708
broadband,44100,128,4,120.102,118.2,-1.5836538941899403,8.37642,7.81369
broadband,44100,128,8,221.83,221.673,-0.07077491772979894,9.38417,11.4069
broadband,44100,256,1,75.8494,74.2366,-2.1263187315918253,2.84095,2.84023
broadband,44100,256,2,134.356,132.501,-1.3806603352287894,2.83377,2.79286
broadband,44100,256,4,239.678,237.912,-0.7368219027194756,6.0257,6.07452
broadband,44100,256,8,446.295,432.08,-3.1851129858053606,9.30377,7.96083
broadband,44100,512,1,149.242,147.049,-1.4694254968440457,1.55398,1.44201
broadband,44100,512,2,266.124,265.852,-0.10220799326631225,2.49893,2.70995
broadband,44100,512,4,481.519,473.908,-1.5806229868395638,4.43153,4.84282
broadband,44100,512,8,891.861,868.555,-2.6131874810088163,8.42917,8.14853
broadband,48000,64,1,18.38,17.7919,-3.1996735582154545,10.7782,10.25
broadband,48000,64,2,32.7404,32.0155,-2.214084128477345,10.7375,10.3156
broadband,48000,64,4,59.2434,58.6246,-1.044504535526325,11.0813,11.225
broadband,48000,64,8,108.651,107.316,-1.2287047519120797,18.4812,18.0844
broadband,48000,128,1,35.6651,35.6849,0.055516457264936925,5.52187,5.27344
broadband,48000,128,2,64.6535,63.8596,-1.2279304291337612,5.63126,5.2875
broadband,48000,128,4,117.165,115.322,-1.5729953484402315,8.58127,8.46874
broadband,48000,128,8,218.477,215.333,-1.4390530811023594,10.0953,9.99529
broadband,48000,256,1,71.5555,71.7456,0.26566790812725394,2.83984,3.02109
broadband,48000,256,2,129.889,129.825,-0.049272840656267025,3.09844,3.48829
broadband,48000,256,4,234.793,233.722,-0.4561464779614388,6.58671,6.4914
broadband,48000,256,8,432.978,427.297,-1.3120759022398287,8.87265,9.24532
broadband,48000,512,1,143.271,142.397,-0.6100327351662216,1.55899,1.58828
broadband,48000,512,2,258.481,256.041,-0.943976539861735,2.73672,2.67618
broadband,48000,512,4,467.52,460.798,-1.4377994524298332,4.78594,4.68516
broadband,48000,512,8,870.023,853.912,-1.8517901250886482,9.04766,8.56718
broadband,96000,64,1,13.558,13.3031,-1.8800708069036665,29.5561,29.1251
broadband,96000,64,2,25.2481,24.9378,-1.229003370550663,30.5063,30.0938
broadband,96000,64,4,46.5985,46.1996,-0.8560361385023252,30.2187,29.8624
broadband,96000,64,8,88.4989,88.7721,0.30870440197561244,54.2126,54.0063
broadband,96000,128,1,26.86,26.8414,-0.06924795234549697,15.0688,15.225
broadband,96000,128,2,49.7567,50.6829,1.861457853917159,15.6438,19.2563
broadband,96000,128,4,92.5322,92.3573,-0.18901528332840867,15.7875,15.6782
broadband,96000,128,8,176.979,177.672,0.39157188140965804,28.4188,28.1906
broadband,96000,256,1,53.5801,53.5375,-0.0795071304458217,7.81249,7.9422
broadband,96000,256,2,99.0155,98.9762,-0.039690755487775675,8.03753,8.25469
broadband,96000,256,4,185.537,184.727,-0.43657060316810714,13.5688,13.5141
broadband,96000,256,8,352.807,355.163,0.6677872037686328,20.8109,21.7781
broadband,96000,512,1,108.231,106.965,-1.169720320425749,4.30155,4.23126
broadband,96000,512,2,198.916,197.083,-0.9214945001910335,4.39999,4.24922
broadband,96000,512,4,372.258,370.345,-0.5138909036205952,7.79531,7.83047
broadband,96000,512,8,708.449,701.827,-0.9347179542916972,17.6836,17.9211
broadband,192000,64,1,11.5388,11.7144,1.5218220265538873,97.3998,98.6502
broadband,192000,64,2,22.1066,22.0277,-0.3569069870536401,100.525,99.7125
broadband,192000,64,4,42.078,41.7003,-0.8976187081135123,101.8,99.3375
broadband,192000,64,8,82.1537,80.2334,-2.3374479786059554,104.325,100.25
broadband,192000,128,1,23.3491,23.3243,-0.10621394400640582,50.4937,50.4438
broadband,192000,128,2,43.7745,44.3991,1.426858102319839,51.2751,53.0187
broadband,192000,128,4,84.1395,83.7871,-0.41882825545671576,52.7812,52.3626
broadband,192000,128,8,164.591,161.389,-1.9454283648559167,54.8312,52.6688
broadband,192000,256,1,46.6726,45.9757,-1.4931672973007681,26.1281,25.7781
broadband,192000,256,2,87.6588,87.1775,-0.5490606761671457,26.4969,26.8813
broadband,192000,256,4,167.606,167.167,-0.2619237974774147,27.6,26.9375
broadband,192000,256,8,334.116,326.394,-2.311173364939112,54.9813,51.1562
broadband,192000,512,1,94.0296,92.8241,-1.282043101321284,13.7344,13.5
broadband,192000,512,2,175.09,174.769,-0.18333428522474549,13.6172,13.811
broadband,192000,512,4,333.808,332.756,-0.31515122465609613,14.05,14.2219
broadband,192000,512,8,656.243,644.153,-1.842305365542951,38.3766,38.3484
