render,samples,max_absolute_difference,rms_difference
bass-growl-dry,96000,0.0,0.0
bass-growl-formant-max,96000,0.0,0.0
bass-growl-neutral,96000,0.0,0.0
bass-growl-shift+12-formant,96000,0.0,0.0
bass-growl-shift+12,96000,0.0,0.0
bass-growl-shift+19,96000,0.0,0.0
bass-growl-shift+24,96000,0.0,0.0
bass-growl-shift+7,96000,0.0,0.0
bass-growl-shift-12,96000,0.0,0.0
bass-growl-smooth-max,96000,0.0,0.0
bass-growl-snap-full,96000,0.0,0.0
bright-saw-dry,96000,0.0,0.0
bright-saw-formant-max,96000,0.0,0.0
bright-saw-neutral,96000,0.0,0.0
bright-saw-shift+12-formant,96000,0.0,0.0
bright-saw-shift+12,96000,0.0,0.0
bright-saw-shift+19,96000,0.0,0.0
bright-saw-shift+24,96000,0.0,0.0
bright-saw-shift+7,96000,0.0,0.0
bright-saw-shift-12,96000,0.0,0.0
bright-saw-smooth-max,96000,0.0,0.0
bright-saw-snap-full,96000,0.0,0.0
chip-dry,96000,0.0,0.0
chip-formant-max,96000,0.0,0.0
chip-neutral,96000,0.0,0.0
chip-shift+12-formant,96000,0.0,0.0
chip-shift+12,96000,0.0,0.0
chip-shift+19,96000,0.0,0.0
chip-shift+24,96000,0.0,0.0
chip-shift+7,96000,0.0,0.0
chip-shift-12,96000,0.0,0.0
chip-smooth-max,96000,0.0,0.0
chip-snap-full,96000,0.0,0.0
color-bass-dry,96000,0.0,0.0
color-bass-formant-max,96000,0.0,0.0
color-bass-neutral,96000,0.0,0.0
color-bass-shift+12-formant,96000,0.0,0.0
color-bass-shift+12,96000,0.0,0.0
color-bass-shift+19,96000,0.0,0.0
color-bass-shift+24,96000,0.0,0.0
color-bass-shift+7,96000,0.0,0.0
color-bass-shift-12,96000,0.0,0.0
color-bass-smooth-max,96000,0.0,0.0
color-bass-snap-full,96000,0.0,0.0
dense-stack-dry,96000,0.0,0.0
dense-stack-formant-max,96000,0.0,0.0
dense-stack-neutral,96000,0.0,0.0
dense-stack-shift+12-formant,96000,0.0,0.0
dense-stack-shift+12,96000,0.0,0.0
dense-stack-shift+19,96000,0.0,0.0
dense-stack-shift+24,96000,0.0,0.0
dense-stack-shift+7,96000,0.0,0.0
dense-stack-shift-12,96000,0.0,0.0
dense-stack-smooth-max,96000,0.0,0.0
dense-stack-snap-full,96000,0.0,0.0
noisy-harmonic-dry,96000,0.0,0.0
noisy-harmonic-formant-max,96000,0.0,0.0
noisy-harmonic-neutral,96000,0.0,0.0
noisy-harmonic-shift+12-formant,96000,0.0,0.0
noisy-harmonic-shift+12,96000,0.0,0.0
noisy-harmonic-shift+19,96000,0.0,0.0
noisy-harmonic-shift+24,96000,0.0,0.0
noisy-harmonic-shift+7,96000,0.0,0.0
noisy-harmonic-shift-12,96000,0.0,0.0
noisy-harmonic-smooth-max,96000,0.0,0.0
noisy-harmonic-snap-full,96000,0.0,0.0
pulse-dry,96000,0.0,0.0
pulse-formant-max,96000,0.0,0.0
pulse-neutral,96000,0.0,0.0
pulse-shift+12-formant,96000,0.0,0.0
pulse-shift+12,96000,0.0,0.0
pulse-shift+19,96000,0.0,0.0
pulse-shift+24,96000,0.0,0.0
pulse-shift+7,96000,0.0,0.0
pulse-shift-12,96000,0.0,0.0
pulse-smooth-max,96000,0.0,0.0
pulse-snap-full,96000,0.0,0.0
