SINGLE type,freq,gain,Q,analyticalPeak,peakHz,measured,relativeError
0,100,-24,0.3,1,23999.952,0.999998853926,1.14607413038e-06
0,100,-24,0.707106781187,1,23999.952,0.999999491456,5.08543532618e-07
0,100,-24,4,4.0316204684,101.607014299,4.02682776196,0.00118877917338
0,100,-24,12,12.0104301168,100.173437023,12.0197052834,0.000772259319656
0,100,0,0.3,1,23999.952,0.999998853926,1.14607413038e-06
0,100,0,0.707106781187,1,23999.952,0.999999491456,5.08543532618e-07
0,100,0,4,4.0316204684,101.607014299,4.02682776196,0.00118877917338
0,100,0,12,12.0104301168,100.173437023,12.0197052834,0.000772259319656
0,100,6,0.3,1,23999.952,0.999998853926,1.14607413038e-06
0,100,6,0.707106781187,1,23999.952,0.999999491456,5.08543532618e-07
0,100,6,4,4.0316204684,101.607014299,4.02682776196,0.00118877917338
0,100,6,12,12.0104301168,100.173437023,12.0197052834,0.000772259319656
0,100,24,0.3,1,23999.952,0.999998853926,1.14607413038e-06
0,100,24,0.707106781187,1,23999.952,0.999999491456,5.08543532618e-07
0,100,24,4,4.0316204684,101.607014299,4.02682776196,0.00118877917338
0,100,24,12,12.0104301168,100.173437023,12.0197052834,0.000772259319656
0,1000,-24,0.3,1,23999.952,0.999988303884,1.16961156315e-05
0,1000,-24,0.707106781187,1,23999.952,0.99999504169,4.95831049585e-06
0,1000,-24,4,4.0316206113,1015.89408671,4.03062309748,0.000247422543863
0,1000,-24,12,12.0104302439,1001.73437023,12.0015558128,0.000738893686934
0,1000,0,0.3,1,23999.952,0.999988303884,1.16961156315e-05
0,1000,0,0.707106781187,1,23999.952,0.99999504169,4.95831049585e-06
0,1000,0,4,4.0316206113,1015.89408671,4.03062309748,0.000247422543863
0,1000,0,12,12.0104302439,1001.73437023,12.0015558128,0.000738893686934
0,1000,6,0.3,1,23999.952,0.999988303884,1.16961156315e-05
0,1000,6,0.707106781187,1,23999.952,0.99999504169,4.95831049585e-06
0,1000,6,4,4.0316206113,1015.89408671,4.03062309748,0.000247422543863
0,1000,6,12,12.0104302439,1001.73437023,12.0015558128,0.000738893686934
0,1000,24,0.3,1,23999.952,0.999988303884,1.16961156315e-05
0,1000,24,0.707106781187,1,23999.952,0.99999504169,4.95831049585e-06
0,1000,24,4,4.0316206113,1015.89408671,4.03062309748,0.000247422543863
0,1000,24,12,12.0104302439,1001.73437023,12.0015558128,0.000738893686934
0,15000,-24,0.3,0.999999999899,23999.952,0.999733046554,0.000266953345558
0,15000,-24,0.707106781187,1,23999.952,0.99988673979,0.000113260210329
0,15000,-24,4,4.03162044244,15112.1874367,4.03095335057,0.000165464947526
0,15000,-24,12,12.0103932368,15013.0021416,12.0117633082,0.00011407382081
0,15000,0,0.3,0.999999999899,23999.952,0.999733046554,0.000266953345558
0,15000,0,0.707106781187,1,23999.952,0.99988673979,0.000113260210329
0,15000,0,4,4.03162044244,15112.1874367,4.03095335057,0.000165464947526
0,15000,0,12,12.0103932368,15013.0021416,12.0117633082,0.00011407382081
0,15000,6,0.3,0.999999999899,23999.952,0.999733046554,0.000266953345558
0,15000,6,0.707106781187,1,23999.952,0.99988673979,0.000113260210329
0,15000,6,4,4.03162044244,15112.1874367,4.03095335057,0.000165464947526
0,15000,6,12,12.0103932368,15013.0021416,12.0117633082,0.00011407382081
0,15000,24,0.3,0.999999999899,23999.952,0.999733046554,0.000266953345558
0,15000,24,0.707106781187,1,23999.952,0.99988673979,0.000113260210329
0,15000,24,4,4.03162044244,15112.1874367,4.03095335057,0.000165464947526
0,15000,24,12,12.0103932368,15013.0021416,12.0117633082,0.00011407382081
1,100,-24,0.3,1,23999.952,0.999998247773,1.75222657428e-06
1,100,-24,0.707106781187,1,23999.952,0.999999238102,7.61897701596e-07
1,100,-24,4,3.79387294781,203.108913927,3.81092309167,0.00449412621283
1,100,-24,12,11.2566626113,200.051093009,11.2584845354,0.000161852959153
1,100,0,0.3,1,0,1,0
1,100,0,0.707106781187,1,0,1,0
1,100,0,4,1,0,1,0
1,100,0,12,1,0,1,0
1,100,6,0.3,1.99526231497,0,1.99525356293,4.38641160996e-06
1,100,6,0.707106781187,1.99526231497,0,1.99525976181,1.27961043859e-06
1,100,6,4,4.45975366626,80.51144262,4.49342187778,0.00754934331289
1,100,6,12,12.1148571463,83.6233856546,12.1008756119,0.00115408165498
1,100,24,0.3,15.8489319246,0,15.8486347198,1.87523527785e-05
1,100,24,0.707106781187,15.8489319246,0,15.84897995,3.03019414592e-06
1,100,24,4,60.1267173631,49.1751632237,60.6613957081,0.00889252512874
1,100,24,12,178.252421025,49.9268154165,178.136808637,0.000648588041693
1,1000,-24,0.3,0.999999999999,23999.952,0.999982540137,1.74598619879e-05
1,1000,-24,0.707106781187,1,23999.952,0.999992597136,7.4028641468e-06
1,1000,-24,4,3.79387277095,2022.17793399,3.7943655471,0.000129887370134
1,1000,-24,12,11.257373066,1991.73388372,11.2548851198,0.000221005928593
1,1000,0,0.3,1,0,1,0
1,1000,0,0.707106781187,1,0,1,0
1,1000,0,4,1,0,1,0
1,1000,0,12,1,0,1,0
1,1000,6,0.3,1.99526231497,0,1.99526131153,5.02910200502e-07
1,1000,6,0.707106781187,1.99526231497,0,1.99526238441,3.48053379279e-08
1,1000,6,4,4.45962961527,807.68500355,4.45767261752,0.000438825175551
1,1000,6,12,12.1074525845,838.903792322,12.1182791169,0.000894203983385
1,1000,24,0.3,15.8489319246,0,15.8488998413,2.02431961277e-06
1,1000,24,0.707106781187,15.8489319246,0,15.8489284515,2.19136124389e-07
1,1000,24,4,60.1269056606,493.32170174,60.0030923187,0.00205920029547
1,1000,24,12,178.427622864,500.862222495,178.296427068,0.0007352885943
1,15000,-24,0.3,0.999999999624,23999.952,0.999601149429,0.000398850194958
1,15000,-24,0.707106781187,1,23999.952,0.999830779636,0.000169220364471
1,15000,-24,4,3.79167731272,19164.5475414,3.79122633947,0.000118937668316
1,15000,-24,12,11.1967058718,19092.0057528,11.1948984592,0.000161423603801
1,15000,0,0.3,1,0,1,0
1,15000,0,0.707106781187,1,0,1,0
1,15000,0,4,1,0,1,0
1,15000,0,12,1,0,1,0
1,15000,6,0.3,1.99526231497,0,1.99526238441,3.48053379279e-08
1,15000,6,0.707106781187,1.99526231497,0,1.99526238441,3.48053379279e-08
1,15000,6,4,4.45980641355,13417.7368448,4.45980180669,1.03297425501e-06
1,15000,6,12,12.0948643606,13726.5486305,12.0952813626,3.4477611769e-05
1,15000,24,0.3,15.8489319246,0,15.8489303589,9.87906073944e-08
1,15000,24,0.707106781187,15.8489319246,0,15.8489351273,2.0207343139e-07
1,15000,24,4,60.1178562676,9683.58302239,60.1104199781,0.000123695186763
1,15000,24,12,178.262175524,9831.59852323,178.243500571,0.000104761163829
2,100,-24,0.3,1,0,0.99956817092,0.000431829080353
2,100,-24,0.707106781187,1,0,0.999976694584,2.33054161579e-05
2,100,-24,4,1,0,1,0
2,100,-24,12,1,0,1,0
2,100,0,0.3,1,0,1,0
2,100,0,0.707106781187,1,0,1,0
2,100,0,4,1,0,1,0
2,100,0,12,1,0,1,0
2,100,6,0.3,1.99526231497,100,1.9952626963,1.91118830208e-07
2,100,6,0.707106781187,1.99526231497,100,1.99526335091,5.19198644274e-07
2,100,6,4,1.99526231497,100,1.99515541908,5.35748570987e-05
2,100,6,12,1.99526231497,100,1.99511724055,7.27094452681e-05
2,100,24,0.3,15.8489319246,100,15.8488844116,2.99786913283e-06
2,100,24,0.707106781187,15.8489319246,100,15.8487585763,1.09375418762e-05
2,100,24,4,15.8489319246,100,15.4109385364,0.0276355145094
2,100,24,12,15.8489319246,100,15.409378872,0.0277339226834
2,1000,-24,0.3,1,0,0.999989569187,1.04308127931e-05
2,1000,-24,0.707106781187,1,0,0.999996960163,3.03983692551e-06
2,1000,-24,4,1,0,0.999999761581,2.38418605081e-07
2,1000,-24,12,1,0,1,0
2,1000,0,0.3,1,0,1,0
2,1000,0,0.707106781187,1,0,1,0
2,1000,0,4,1,0,1,0
2,1000,0,12,1,0,1,0
2,1000,6,0.3,1.99526231497,1000,1.99526209263,1.11431230873e-07
2,1000,6,0.707106781187,1.99526231497,1000,1.99526262115,1.53454310798e-07
2,1000,6,4,1.99526231497,1000,1.99526147349,4.21736812593e-07
2,1000,6,12,1.99526231497,1000,1.99525680338,2.76233793935e-06
2,1000,24,0.3,15.8489319246,1000,15.848938078,3.88252681919e-07
2,1000,24,0.707106781187,15.8489319246,1000,15.8489453303,8.45839144759e-07
2,1000,24,4,15.8489319246,1000,15.848902349,1.86609316684e-06
2,1000,24,12,15.8489319246,1000,15.8484603298,2.97556220027e-05
2,15000,-24,0.3,1,0,0.999999880791,1.19209296545e-07
2,15000,-24,0.707106781187,1,0,1,0
2,15000,-24,4,1,0,1,0
2,15000,-24,12,1,0,1,0
2,15000,0,0.3,1,0,1,0
2,15000,0,0.707106781187,1,0,1,0
2,15000,0,4,1,0,1,0
2,15000,0,12,1,0,1,0
2,15000,6,0.3,1.99526231497,15000,1.99526232535,5.20210957881e-09
2,15000,6,0.707106781187,1.99526231497,15000,1.99526233105,8.0601153253e-09
2,15000,6,4,1.99526231497,15000,1.99526220671,5.42567834292e-08
2,15000,6,12,1.99526231497,15000,1.99526157593,3.70397647663e-07
2,15000,24,0.3,15.8489319246,15000,15.8489317643,1.01160652394e-08
2,15000,24,0.707106781187,15.8489319246,15000,15.8489312825,4.05115278989e-08
2,15000,24,4,15.8489319246,15000,15.8489303993,9.62398693997e-08
2,15000,24,12,15.8489319246,15000,15.8489485424,1.04851345595e-06
3,100,-24,0.3,1,0,0.999987363815,1.26361846462e-05
3,100,-24,0.707106781187,1,0,0.999995946884,4.05311587071e-06
3,100,-24,4,1,0,1.00000004334,4.33378359865e-08
3,100,-24,12,1,0,0.999999954843,4.51566890547e-08
3,100,0,0.3,1,0,0.999987363815,1.26361846462e-05
3,100,0,0.707106781187,1,0,0.999995946884,4.05311587071e-06
3,100,0,4,1,0,1.00000004334,4.33378359865e-08
3,100,0,12,1,0,0.999999954843,4.51566890547e-08
3,100,6,0.3,1,0,0.999987363815,1.26361846462e-05
3,100,6,0.707106781187,1,0,0.999995946884,4.05311587071e-06
3,100,6,4,1,0,1.00000004334,4.33378359865e-08
3,100,6,12,1,0,0.999999954843,4.51566890547e-08
3,100,24,0.3,1,0,0.999987363815,1.26361846462e-05
3,100,24,0.707106781187,1,0,0.999995946884,4.05311587071e-06
3,100,24,4,1,0,1.00000004334,4.33378359865e-08
3,100,24,12,1,0,0.999999954843,4.51566890547e-08
3,1000,-24,0.3,1,0,0.999998509884,1.49011616735e-06
3,1000,-24,0.707106781187,1,0,1,0
3,1000,-24,4,1,0,1,0
3,1000,-24,12,1,0,0.999999999463,5.3652637888e-10
3,1000,0,0.3,1,0,0.999998509884,1.49011616735e-06
3,1000,0,0.707106781187,1,0,1,0
3,1000,0,4,1,0,1,0
3,1000,0,12,1,0,0.999999999463,5.3652637888e-10
3,1000,6,0.3,1,0,0.999998509884,1.49011616735e-06
3,1000,6,0.707106781187,1,0,1,0
3,1000,6,4,1,0,1,0
3,1000,6,12,1,0,0.999999999463,5.3652637888e-10
3,1000,24,0.3,1,0,0.999998509884,1.49011616735e-06
3,1000,24,0.707106781187,1,0,1,0
3,1000,24,4,1,0,1,0
3,1000,24,12,1,0,0.999999999463,5.3652637888e-10
3,15000,-24,0.3,1,0,1,0
3,15000,-24,0.707106781187,1,0,1,0
3,15000,-24,4,1,0,1,0
3,15000,-24,12,1,0,1,0
3,15000,0,0.3,1,0,1,0
3,15000,0,0.707106781187,1,0,1,0
3,15000,0,4,1,0,1,0
3,15000,0,12,1,0,1,0
3,15000,6,0.3,1,0,1,0
3,15000,6,0.707106781187,1,0,1,0
3,15000,6,4,1,0,1,0
3,15000,6,12,1,0,1,0
3,15000,24,0.3,1,0,1,0
3,15000,24,0.707106781187,1,0,1,0
3,15000,24,4,1,0,1,0
3,15000,24,12,1,0,1,0
4,100,-24,0.3,1,0,0.999981224537,1.87754630674e-05
4,100,-24,0.707106781187,1,0,1.00000298023,2.98023230672e-06
4,100,-24,4,3.79373939197,49.1751632237,3.82747517066,0.00889248712354
4,100,-24,12,11.2469674217,49.9268154165,11.2396723498,0.000648625679384
4,100,0,0.3,1,0,1,0
4,100,0,0.707106781187,1,0,1,0
4,100,0,4,1,0,1,0
4,100,0,12,1,0,1,0
4,100,6,0.3,1.99526231497,23999.952,1.99526145667,4.30168293155e-07
4,100,6,0.707106781187,1.99526231497,23999.952,1.99526192266,1.96622230282e-07
4,100,6,4,4.45989845728,124.055831935,4.46710977888,0.00161692506332
4,100,6,12,12.1180256075,119.439244373,12.1052053468,0.00105794962917
4,100,24,0.3,15.8489319246,23999.952,15.8489046206,1.72276969096e-06
4,100,24,0.707106781187,15.8489319246,23999.952,15.8489205395,7.18353179799e-07
4,100,24,4,60.1288340804,203.108913927,60.3990629905,0.00449416514067
4,100,24,12,178.406079425,200.051093009,178.434961797,0.00016189119028
4,1000,-24,0.3,1,0,0.999997913837,2.08616250641e-06
4,1000,-24,0.707106781187,1,0,0.999999701977,2.98023259182e-07
4,1000,-24,4,3.79375127274,493.32170174,3.7859390345,0.00205923838367
4,1000,-24,12,11.2580219104,500.862222495,11.249743588,0.000735326552799
4,1000,0,0.3,1,0,1,0
4,1000,0,0.707106781187,1,0,1,0
4,1000,0,4,1,0,1,0
4,1000,0,12,1,0,1,0
4,1000,6,0.3,1.99526231497,23999.952,1.99525416772,4.08329452263e-06
4,1000,6,0.707106781187,1.99526231497,23999.952,1.99525883047,1.74638870766e-06
4,1000,6,4,4.45989785518,1239.80842297,4.45936946396,0.000118476080246
4,1000,6,12,12.1180217732,1193.67045384,12.1081936814,0.000811031043996
4,1000,24,0.3,15.8489319246,23999.952,15.8486554206,1.74462251896e-05
4,1000,24,0.707106781187,15.8489319246,23999.952,15.8488148136,7.38920706854e-06
4,1000,24,4,60.1288312774,2022.17793399,60.1366435289,0.000129925218375
4,1000,24,12,178.417339373,1991.73388372,178.37791489,0.000220967782553
4,15000,-24,0.3,1,0,0.999999880791,1.19209296545e-07
4,15000,-24,0.707106781187,1,0,1.00000011921,1.19209282667e-07
4,15000,-24,4,3.79318029464,9683.58302239,3.79271095672,0.000123732036659
4,15000,-24,12,11.247582889,9831.59852323,11.2464041548,0.000104798892453
4,15000,0,0.3,1,0,1,0
4,15000,0,0.707106781187,1,0,1,0
4,15000,0,4,1,0,1,0
4,15000,0,12,1,0,1,0
4,15000,6,0.3,1.99526231483,23999.952,1.99507737889,9.26875284504e-05
4,15000,6,0.707106781187,1.99526231497,23999.952,1.99518382569,3.9337825015e-05
4,15000,6,4,4.45926252289,16467.1339049,4.45945408543,4.29583453208e-05
4,15000,6,12,12.1088907736,16219.219889,12.1093578728,3.85748962931e-05
4,15000,24,0.3,15.8489319187,23999.952,15.8426109076,0.000398828833182
4,15000,24,0.707106781187,15.8489319246,23999.952,15.8462503313,0.000169197101515
4,15000,24,4,60.0940356095,19164.5475414,60.0868904293,0.000118899989494
4,15000,24,12,177.455829143,19092.0057528,177.427190311,0.000161385691398
5,100,-24,0.3,1,0,0.999987363815,1.26361846462e-05
5,100,-24,0.707106781187,1,0,0.999995946884,4.05311587071e-06
5,100,-24,4,4.03162046865,98.4184022034,4.03877961747,0.0017757496948
5,100,-24,12,12.0104301168,99.8268632597,11.9806959429,0.00247569601052
5,100,0,0.3,1,0,0.999987363815,1.26361846462e-05
5,100,0,0.707106781187,1,0,0.999995946884,4.05311587071e-06
5,100,0,4,4.03162046865,98.4184022034,4.03877961747,0.0017757496948
5,100,0,12,12.0104301168,99.8268632597,11.9806959429,0.00247569601052
5,100,6,0.3,1,0,0.999987363815,1.26361846462e-05
5,100,6,0.707106781187,1,0,0.999995946884,4.05311587071e-06
5,100,6,4,4.03162046865,98.4184022034,4.03877961747,0.0017757496948
5,100,6,12,12.0104301168,99.8268632597,11.9806959429,0.00247569601052
5,100,24,0.3,1,0,0.999987363815,1.26361846462e-05
5,100,24,0.707106781187,1,0,0.999995946884,4.05311587071e-06
5,100,24,4,4.03162046865,98.4184022034,4.03877961747,0.0017757496948
5,100,24,12,12.0104301168,99.8268632597,11.9806959429,0.00247569601052
5,1000,-24,0.3,1,0,0.999998450279,1.54972072675e-06
5,1000,-24,0.707106781187,1,0,1,0
5,1000,-24,4,4.03162059021,984.354582906,4.03206922886,0.000111279976819
5,1000,-24,12,12.0104302437,998.268632597,12.0200420371,0.000800287181937
5,1000,0,0.3,1,0,0.999998450279,1.54972072675e-06
5,1000,0,0.707106781187,1,0,1,0
5,1000,0,4,4.03162059021,984.354582906,4.03206922886,0.000111279976819
5,1000,0,12,12.0104302437,998.268632597,12.0200420371,0.000800287181937
5,1000,6,0.3,1,0,0.999998450279,1.54972072675e-06
5,1000,6,0.707106781187,1,0,1,0
5,1000,6,4,4.03162059021,984.354582906,4.03206922886,0.000111279976819
5,1000,6,12,12.0104302437,998.268632597,12.0200420371,0.000800287181937
5,1000,24,0.3,1,0,0.999998450279,1.54972072675e-06
5,1000,24,0.707106781187,1,0,1,0
5,1000,24,4,4.03162059021,984.354582906,4.03206922886,0.000111279976819
5,1000,24,12,12.0104302437,998.268632597,12.0200420371,0.000800287181937
5,15000,-24,0.3,1,0,1,0
5,15000,-24,0.707106781187,1,0,1,0
5,15000,-24,4,4.03161849502,14888.6454024,4.03167190628,1.32480930751e-05
5,15000,-24,12,12.0103952725,14987.009119,12.0109633413,4.72980946219e-05
5,15000,0,0.3,1,0,1,0
5,15000,0,0.707106781187,1,0,1,0
5,15000,0,4,4.03161849502,14888.6454024,4.03167190628,1.32480930751e-05
5,15000,0,12,12.0103952725,14987.009119,12.0109633413,4.72980946219e-05
5,15000,6,0.3,1,0,1,0
5,15000,6,0.707106781187,1,0,1,0
5,15000,6,4,4.03161849502,14888.6454024,4.03167190628,1.32480930751e-05
5,15000,6,12,12.0103952725,14987.009119,12.0109633413,4.72980946219e-05
5,15000,24,0.3,1,0,1,0
5,15000,24,0.707106781187,1,0,1,0
5,15000,24,4,4.03161849502,14888.6454024,4.03167190628,1.32480930751e-05
5,15000,24,12,12.0103952725,14987.009119,12.0109633413,4.72980946219e-05
CASCADE type,count,Q,analyticalPeak,peakHz
0,1,0.707106781187,1,23999.952
0,2,0.707106781187,1,23999.952
0,3,0.707106781187,1,23999.952
0,4,0.707106781187,1,23999.952
0,5,0.707106781187,1,23999.952
0,6,0.707106781187,1,23999.952
0,7,0.707106781187,1,23999.952
0,8,0.707106781187,1,23999.952
0,1,12,12.0104302439,1001.73437023
0,2,12,144.250434644,1001.73437023
0,3,12,1732.50978294,1001.73437023
0,4,12,20808.1878949,1001.73437023
0,5,12,249915.289213,1001.73437023
0,6,12,3001590.14798,1001.73437023
0,7,12,36050389.0931,1001.73437023
0,8,12,432980683.468,1001.73437023
1,1,0.707106781187,15.8489319246,0
1,2,0.707106781187,251.188643151,0
1,3,0.707106781187,3981.07170553,0
1,4,0.707106781187,63095.734448,0
1,5,0.707106781187,1000000,0
1,6,0.707106781187,15848931.9246,0
1,7,0.707106781187,251188643.151,0
1,8,0.707106781187,3981071705.53,0
1,1,12,178.427622864,500.862222495
1,2,12,31836.416601,500.862222495
1,3,12,5680496.13464,500.862222495
1,4,12,1013557421.99,500.862222495
1,5,12,180846641443,500.862222495
1,6,12,3.22680363357e+13,500.862222495
1,7,12,5.75750901788e+15,500.862222495
1,8,12,1.02729864768e+18,500.862222495
2,1,0.707106781187,15.8489319246,1000
2,2,0.707106781187,251.188643151,1000
2,3,0.707106781187,3981.07170553,1000
2,4,0.707106781187,63095.734448,1000
2,5,0.707106781187,1000000,1000
2,6,0.707106781187,15848931.9246,1000
2,7,0.707106781187,251188643.151,1000
2,8,0.707106781187,3981071705.53,1000
2,1,12,15.8489319246,1000
2,2,12,251.188643151,1000
2,3,12,3981.07170553,1000
2,4,12,63095.734448,1000
2,5,12,1000000,1000
2,6,12,15848931.9246,1000
2,7,12,251188643.151,1000
2,8,12,3981071705.53,1000
4,1,0.707106781187,15.8489319246,23999.952
4,2,0.707106781187,251.188643151,23999.952
4,3,0.707106781187,3981.07170553,23999.952
4,4,0.707106781187,63095.734448,23999.952
4,5,0.707106781187,1000000,23999.952
4,6,0.707106781187,15848931.9246,23999.952
4,7,0.707106781187,251188643.151,23999.952
4,8,0.707106781187,3981071705.53,23999.952
4,1,12,178.417339373,1991.73388372
4,2,12,31832.7469891,1991.73388372
4,3,12,5679514.02274,1991.73388372
4,4,12,1013323780.87,1991.73388372
4,5,12,180794532907,1991.73388372
4,6,12,3.22568795344e+13,1991.73388372
4,7,12,5.75518662302e+15,1991.73388372
4,8,12,1.02682508488e+18,1991.73388372
5,1,0.707106781187,1,0
5,2,0.707106781187,1,0
5,3,0.707106781187,1,0
5,4,0.707106781187,1,0
5,5,0.707106781187,1,0
5,6,0.707106781187,1,0
5,7,0.707106781187,1,0
5,8,0.707106781187,1,0
5,1,12,12.0104302437,998.268632597
5,2,12,144.25043464,998.268632597
5,3,12,1732.50978287,998.268632597
5,4,12,20808.1878938,998.268632597
5,5,12,249915.289197,998.268632597
5,6,12,3001590.14775,998.268632597
5,7,12,36050389.0898,998.268632597
5,8,12,432980683.423,998.268632597
