render,20-200_after_vs_before_db,200-2000_after_vs_before_db,2000-5000_after_vs_before_db,5000-10000_after_vs_before_db,10000-24000_after_vs_before_db
bass-growl-dry,0.0,0.0,0.0,0.0,0.0
bass-growl-formant-max,0.7303132186036869,0.7850640182796896,-0.21451888648895573,0.48272867671738995,0.19118823362456003
bass-growl-neutral,0.0,0.0,0.0,0.0,0.0
bass-growl-shift+12,0.5557302801274883,0.41195032846984236,0.4422560224394001,0.4274510492803455,0.8020034143744015
bass-growl-shift+12-formant,0.5300569897634172,0.4089776040045087,0.4325388272221644,0.42745100185915313,0.4817612929001256
bass-growl-shift+19,0.533204788005981,0.440061386394447,0.3684664207910734,0.4018171031354734,0.4103681887182047
bass-growl-shift+24,0.21802775508900213,0.3168948949430747,0.5909779583680046,0.3951147991174902,0.3564361881231166
bass-growl-shift+7,0.41153975261976183,0.38932523451924245,0.4010735549637302,0.40857186244106103,0.5368134400963155
bass-growl-shift-12,1.277500792956514,0.4750506560312306,0.44125957986976,0.41817963312905837,0.36847430994580943
bass-growl-smooth-max,-0.03746425363124324,0.1862054214255215,1.340660459831675,-1.8521013988411053,0.03814649630669317
bass-growl-snap-full,0.6581459525272731,0.8638252557423326,-0.3200315816991922,0.3608340426733442,0.2781389285523161
bright-saw-dry,0.0,0.0,0.0,0.0,0.0
bright-saw-formant-max,0.008468572562671991,0.03361437709459211,0.44937987224796017,0.4209564055872122,0.5091988308813121
bright-saw-neutral,-1.839904782392681e-05,-4.1397920994380354e-07,-2.5244969161185664e-07,-3.908963673923331e-07,-3.8862183836916067e-07
bright-saw-shift+12,1.3429666661859638,0.17006874773371355,0.5456047883553743,0.33233189505471317,0.47540990833172986
bright-saw-shift+12-formant,-0.5109005977777098,0.17805820217629587,0.5439031638262828,0.32854901309878826,-2.9754023738868844
bright-saw-shift+19,0.05350826804846452,0.3320908973649863,0.47766253025052174,0.2018566535251357,0.36594797119766787
bright-saw-shift+24,0.010052117570570406,0.3734452899892509,0.4950784983965909,-0.01946662431769435,0.45164494487770623
bright-saw-shift+7,0.3293953516198486,0.14386069033177834,0.5390872557444888,0.3052447980420808,0.6017669715868497
bright-saw-shift-12,0.06241496781658493,0.2202369247846261,0.39912430888750483,0.512317887849198,-14.240391336772655
bright-saw-smooth-max,0.016987517584246978,0.033776340915661215,0.42480899225006913,1.573933583637507,3.5825691810023934
bright-saw-snap-full,0.008467458205493,0.034035247677973904,0.40104834595000854,0.3784545430556924,0.5294453045683618
chip-dry,0.0,0.0,0.0,0.0,0.0
chip-formant-max,-6.096446154304464,0.42473489895480654,0.3744235224402495,0.34878287798963703,0.2668466193905396
chip-neutral,0.0,0.0,0.0,0.0,0.0
chip-shift+12,0.0006109991284204929,0.45057063272895936,0.37081578245482166,0.4125579734445781,-0.86623599728223
chip-shift+12-formant,0.00040522678655308814,0.44218717746915914,0.3750276995828689,0.4114483185594362,-2.2093697785093767
chip-shift+19,-4.071326089434181e-05,0.014033357645607134,0.040013680470866356,-1.0084330704580062,-1.1398777835624194
chip-shift+24,0.00013191534042547492,0.584175695729627,0.3609596589463754,-1.6607516761761418,-0.9645382967614318
chip-shift+7,-0.3472647510157234,0.42922844978814384,0.4484273994065252,0.37921511492123305,0.13825836209799838
chip-shift-12,0.42165740291784615,0.42907547393737056,0.3773374596918896,0.5778830475388623,-0.9575362778634147
chip-smooth-max,-12.06448183561394,0.42485983703846786,0.46269882229235976,1.5086546267638163,1.6157441455801624
chip-snap-full,-11.352335226793542,0.42447529330278294,0.336593153343273,0.3518283966213203,0.27426043062815364
color-bass-dry,0.0,0.0,0.0,0.0,0.0
color-bass-formant-max,0.39028298744958123,0.39083883675742515,0.15994087580231336,-0.49051886583142146,0.2908719345030681
color-bass-neutral,0.0,0.0,0.0,0.0,0.0
color-bass-shift+12,0.589752735387395,0.31172716117009647,0.36674539076134793,0.3800597344530479,0.37757072627757193
color-bass-shift+12-formant,0.5654351059543725,0.2959484092530499,0.36641880549583683,0.3773197193343802,0.3775705616810383
color-bass-shift+19,0.2248834323843199,0.23810647174407518,0.36314280029946805,0.423220370573996,0.36492605485240903
color-bass-shift+24,0.006606482771402889,0.49120636288486696,0.3913652072644866,0.09728247922945203,1.060771097694007
color-bass-shift+7,0.4151902263868288,0.4805115120177773,0.3608896689552768,0.38996607684889584,21.875038063432363
color-bass-shift-12,0.5871229373958224,0.43905319011194704,0.43785548971960697,0.4414009081666195,0.2430022162606557
color-bass-smooth-max,0.3892081797643399,0.37944628709535216,0.0743352682859197,-0.7817900552664068,0.24779179835850584
color-bass-snap-full,0.39028300667389243,0.3888115040523856,0.1702451196058309,-0.4204743556089031,0.2677278152366774
dense-stack-dry,0.0,0.0,0.0,0.0,0.0
dense-stack-formant-max,0.3774379108003411,0.38934187010508153,0.5879021189660061,0.43598608767537766,0.2707946063248252
dense-stack-neutral,0.0,0.0,0.0,0.0,0.0
dense-stack-shift+12,5.747539811974844,0.40559434348443413,0.39891330907758266,0.3763448195205965,0.381519618388965
dense-stack-shift+12-formant,-6.029258965050798,0.4010311022345532,0.3979559328861533,0.3712423661399421,0.382991280416204
dense-stack-shift+19,0.0006971568386706542,0.42482059108671677,0.4291665651302224,-2.6889746108699963,1.926776526454961
dense-stack-shift+24,-0.00012108781321807521,0.37909154868702133,0.38753103211813383,-5.591690372220027,1.8480863806392671
dense-stack-shift+7,0.5158702220184329,0.4091038912121876,0.3914933611978325,0.387468879420197,0.3700117628007259
dense-stack-shift-12,0.6033851698586524,0.42009349798703366,0.4208984739365217,1.1168408473215938,0.2886915642381078
dense-stack-smooth-max,0.3778125028354937,0.269289361352854,1.977502132000495,-0.949521025603368,0.20066861427298222
dense-stack-snap-full,0.37743816790502893,0.4109798970023302,0.5875164253231071,0.43421440619749424,0.2855614928566725
noisy-harmonic-dry,0.0,0.0,0.0,0.0,0.0
noisy-harmonic-formant-max,0.19613637280924728,0.033006393138057165,0.6786549184974437,-0.2099566433759362,0.43151532762357536
noisy-harmonic-neutral,0.0,0.0,0.0,0.0,0.0
noisy-harmonic-shift+12,0.16030054874995892,0.17067812539167407,0.5501351876543792,0.331838982867724,0.23453309669785682
noisy-harmonic-shift+12-formant,0.19551558449832754,0.17960669470450805,0.5502207118885221,0.32519997024631697,-1.8664622979553769
noisy-harmonic-shift+19,0.2878537006011903,0.33284816093509606,0.4804970220962329,0.17885486824264918,0.16201965523878614
noisy-harmonic-shift+24,0.24306463154052776,0.3742784740252283,0.4969881373587005,-0.05540375277841268,0.5509957515023491
noisy-harmonic-shift+7,0.26369605355877207,0.14443964997019565,0.5423958143573273,0.30492332222859975,0.44883636534771365
noisy-harmonic-shift-12,0.06172792113512859,0.21975475180298137,0.40440337517222286,0.5161785074297217,-0.8682027003591818
noisy-harmonic-smooth-max,-3.117418454328754,0.017692178791831558,0.7733594251229075,1.956576672294876,0.8849261014009364
noisy-harmonic-snap-full,0.3053158948289985,0.033459863445583646,0.6657636032155407,-0.18892233771468026,0.4348822109504563
pulse-dry,0.0,0.0,0.0,0.0,0.0
pulse-formant-max,0.00790911102271259,0.035881453760084475,1.1655155181154815,0.3804451010642542,0.4813622740202647
pulse-neutral,0.0,0.0,0.0,0.0,0.0
pulse-shift+12,1.338052212525216,0.14276015863652486,0.531569591209662,0.34888428927795856,-0.18452260602850407
pulse-shift+12-formant,-3.8672509476256773,0.14278365954184674,0.5372856051272706,0.3338865445700059,-4.035161160962551
pulse-shift+19,0.04744570411061852,0.29263008677061103,0.493914486192113,0.1318272610303212,0.4058693830890493
pulse-shift+24,0.002649634234092478,0.3332620099512712,0.4966996658162244,-0.5310412817429049,-0.05370392385394808
pulse-shift+7,0.3828905597718305,0.12389252426118649,0.5553161723945822,0.31671525844876636,0.45771532338589666
pulse-shift-12,0.0625054830522054,0.2732208200634466,0.39268325021244765,0.5292821635558252,-18.963326787425192
pulse-smooth-max,0.03065299824659655,0.03656298182632322,0.4859638377131817,1.716381868799507,1.9360129892042481
pulse-snap-full,0.007909384459358104,0.03647577448219843,1.1212690344819496,0.3787063550869254,0.48880285259201345
