fixture,rate,block,instances,mean_cost_change_percent,before_p99_us,after_p99_us,after_p99_deadline_percent,before_bytes,after_bytes
tonal,44100,64,1,31.994609785312832,63.25,82.542,5.68766,362120,386792
tonal,44100,64,2,31.69745885616999,59.833,84.166,5.79956,362120,386792
tonal,44100,64,4,31.692626675962863,56.875,78,5.37469,362120,386792
tonal,44100,64,8,28.187961501429925,110.041,147.167,10.1407,362120,386792
tonal,44100,128,1,30.5826110881827,53.667,74.5,2.56676,362120,386792
tonal,44100,128,2,28.789279603829932,57.292,75.417,2.59835,362120,386792
tonal,44100,128,4,26.949501981844914,109.083,141.375,4.87081,362120,386792
tonal,44100,128,8,28.84172961614404,122.417,161.541,5.56559,362120,386792
tonal,44100,256,1,32.596826420331105,54.459,78.958,1.36017,362120,386792
tonal,44100,256,2,32.305442824274124,62.416,85,1.46426,362120,386792
tonal,44100,256,4,28.19279287425962,170.417,223.5,3.85014,362120,386792
tonal,44100,256,8,29.939382972948536,241.5,319.459,5.50318,362120,386792
tonal,44100,512,1,30.320668761767557,65.542,85.75,0.738589,362120,386792
tonal,44100,512,2,29.719659332860182,125.667,163.583,1.40899,362120,386792
tonal,44100,512,4,28.84782255002982,242.5,310.958,2.67837,362120,386792
tonal,44100,512,8,30.363549065081898,465.5,612.416,5.27491,362120,386792
tonal,48000,64,1,29.614298468780852,44.959,66.709,5.00317,362120,386792
tonal,48000,64,2,30.236863202390495,49.125,70.666,5.29995,362120,386792
tonal,48000,64,4,29.095094017411327,53.875,76.333,5.72497,362120,386792
tonal,48000,64,8,27.057050300625775,103.458,140.25,10.5188,362120,386792
tonal,48000,128,1,29.190755490852062,51.834,69.542,2.60783,362120,386792
tonal,48000,128,2,27.92527747606477,56.583,74.708,2.80155,362120,386792
tonal,48000,128,4,28.057118335254728,108.083,146.792,5.5047,362120,386792
tonal,48000,128,8,26.765741460514892,123.625,158.542,5.94533,362120,386792
tonal,48000,256,1,29.456100607626023,55.042,74.792,1.40235,362120,386792
tonal,48000,256,2,28.58727143931543,61.875,81.333,1.52499,362120,386792
tonal,48000,256,4,25.734449368127343,167.833,217.458,4.07734,362120,386792
tonal,48000,256,8,27.313312061498273,238.916,304.292,5.70547,362120,386792
tonal,48000,512,1,30.230162244359725,63.459,88.458,0.829294,362120,386792
tonal,48000,512,2,27.475328055525438,123.125,157.541,1.47695,362120,386792
tonal,48000,512,4,23.333543261747746,239.167,298.708,2.80039,362120,386792
tonal,48000,512,8,27.41435247057522,455.917,588.416,5.5164,362120,386792
tonal,96000,64,1,10.613711325820718,80.917,93.333,14,722568,771816
tonal,96000,64,2,14.67800098729073,83,98.5,14.775,722568,771816
tonal,96000,64,4,14.360275338076312,85.709,100.584,15.0876,722568,771816
tonal,96000,64,8,12.605918531855442,166.709,194.709,29.2064,722568,771816
tonal,96000,128,1,6.214304828166228,83.583,94.791,7.10933,722568,771816
tonal,96000,128,2,9.466835527034512,85.5,101.208,7.5906,722568,771816
tonal,96000,128,4,10.842030535078129,91.666,107.458,8.05935,722568,771816
tonal,96000,128,8,15.189941156927489,168.25,204.292,15.3219,722568,771816
tonal,96000,256,1,7.811071570100725,85.916,96.833,3.63124,722568,771816
tonal,96000,256,2,4.959006191229509,103.792,104.333,3.91249,722568,771816
tonal,96000,256,4,15.183325660380632,173.083,207.125,7.76719,722568,771816
tonal,96000,256,8,14.93710349037476,271.25,318.792,11.9547,722568,771816
tonal,96000,512,1,7.907382888488579,105.042,113.125,2.12109,722568,771816
tonal,96000,512,2,10.54452685362255,108.417,123.042,2.30704,722568,771816
tonal,96000,512,4,15.38415506558084,199.5,236.292,4.43048,722568,771816
tonal,96000,512,8,14.458312504075277,463.5,545.791,10.2336,722568,771816
tonal,192000,64,1,8.335381537087482,139.291,156.583,46.9749,1443464,1541864
tonal,192000,64,2,9.66989826010025,141.333,160.375,48.1125,1443464,1541864
tonal,192000,64,4,9.164745139943387,150.958,166.75,50.025,1443464,1541864
tonal,192000,64,8,12.568609132313435,153.917,177.084,53.1252,1443464,1541864
tonal,192000,128,1,10.977329619574805,141.375,160.917,24.1376,1443464,1541864
tonal,192000,128,2,12.611868828638428,143.5,165.375,24.8062,1443464,1541864
tonal,192000,128,4,11.639011347617533,150.958,172.75,25.9125,1443464,1541864
tonal,192000,128,8,12.018742707296237,170.625,187.541,28.1312,1443464,1541864
tonal,192000,256,1,11.778199792345156,156.833,169.042,12.6782,1443464,1541864
tonal,192000,256,2,11.814693694438215,154.041,172.375,12.9281,1443464,1541864
tonal,192000,256,4,10.92075742510259,163.916,185.208,13.8906,1443464,1541864
tonal,192000,256,8,12.684889143518951,310.917,348.541,26.1406,1443464,1541864
tonal,192000,512,1,11.981337701483131,160.333,180.042,6.75157,1443464,1541864
tonal,192000,512,2,11.678962090159107,168.666,188.708,7.07655,1443464,1541864
tonal,192000,512,4,11.663753762501216,185,206.333,7.73749,1443464,1541864
tonal,192000,512,8,12.423534919823332,484.375,547.542,20.5328,1443464,1541864
broadband,44100,64,1,17.117824961805894,119.459,144.125,9.93111,362120,386792
broadband,44100,64,2,13.87176115498081,127.084,146.583,10.1005,362120,386792
broadband,44100,64,4,13.952524872606054,131.458,146.416,10.089,362120,386792
broadband,44100,64,8,16.996788465809097,209.708,246.958,17.0169,362120,386792
broadband,44100,128,1,15.77447893237367,126.75,146.083,5.03302,362120,386792
broadband,44100,128,2,14.810730010422034,130.791,150.917,5.19956,362120,386792
broadband,44100,128,4,14.87153293113086,204.292,232.625,8.01466,362120,386792
broadband,44100,128,8,18.26974018531933,219.75,258.792,8.91619,362120,386792
broadband,44100,256,1,16.125231758548676,135.417,157.041,2.70528,362120,386792
broadband,44100,256,2,15.82504207396298,141.5,161.167,2.77635,362120,386792
broadband,44100,256,4,14.779233662231594,297.917,344.542,5.93527,362120,386792
broadband,44100,256,8,18.94136102996862,397.125,469.666,8.09073,362120,386792
broadband,44100,512,1,16.49192538808211,147.666,170.209,1.46606,362120,386792
broadband,44100,512,2,14.766336599503171,258.583,294.125,2.53338,362120,386792
broadband,44100,512,4,13.722165222678218,451.917,509.959,4.39242,362120,386792
broadband,44100,512,8,19.119993180129825,777.041,924.458,7.96262,362120,386792
broadband,48000,64,1,14.797646983188152,117.917,137.917,10.3438,362120,386792
broadband,48000,64,2,14.950887227126586,120.375,140.916,10.5687,362120,386792
broadband,48000,64,4,15.272543794642136,121.042,141,10.575,362120,386792
broadband,48000,64,8,17.403150901722707,202.125,241.917,18.1438,362120,386792
broadband,48000,128,1,15.88996092712227,118.583,142.417,5.34064,362120,386792
broadband,48000,128,2,13.713296961350352,135.417,146.25,5.48438,362120,386792
broadband,48000,128,4,13.566707609522144,202.916,230,8.625,362120,386792
broadband,48000,128,8,16.97039033144827,215.458,253.416,9.5031,362120,386792
broadband,48000,256,1,16.411967038999098,132,150.458,2.82109,362120,386792
broadband,48000,256,2,15.293244909997682,134.583,156.958,2.94296,362120,386792
broadband,48000,256,4,13.769104069832805,296.166,342,6.4125,362120,386792
broadband,48000,256,8,17.135841635792758,394.25,468.75,8.78906,362120,386792
broadband,48000,512,1,15.494396782407026,142.083,160.084,1.50079,362120,386792
broadband,48000,512,2,13.746960796493157,249.875,279.916,2.62421,362120,386792
broadband,48000,512,4,12.587278744445918,441.708,495.625,4.64648,362120,386792
broadband,48000,512,8,16.928829381071274,772.667,900.791,8.44492,362120,386792
broadband,96000,64,1,7.5572397287594795,177.25,195.375,29.3062,722568,771816
broadband,96000,64,2,5.924187864749042,178.417,195.292,29.2938,722568,771816
broadband,96000,64,4,8.845269440262316,177.417,199.916,29.9874,722568,771816
broadband,96000,64,8,8.630166603863332,319.375,353.666,53.0499,722568,771816
broadband,96000,128,1,7.57530653622116,180.083,198.125,14.8594,722568,771816
broadband,96000,128,2,6.476220162912072,182.5,201.833,15.1375,722568,771816
broadband,96000,128,4,9.312719873281793,183.875,204.208,15.3156,722568,771816
broadband,96000,128,8,10.93261455525607,327.25,370.5,27.7875,722568,771816
broadband,96000,256,1,7.701476857183254,190.541,205.792,7.7172,722568,771816
broadband,96000,256,2,6.76276011343524,191.708,212.958,7.98592,722568,771816
broadband,96000,256,4,9.238333323436665,327.167,353.917,13.2719,722568,771816
broadband,96000,256,8,10.301098368039918,489.959,551,20.6625,722568,771816
broadband,96000,512,1,8.027929561548742,199.708,217.75,4.08281,722568,771816
broadband,96000,512,2,6.745703072134268,210.125,226.5,4.24688,722568,771816
broadband,96000,512,4,9.490242481180644,370.583,406.291,7.61796,722568,771816
broadband,96000,512,8,9.964410571727967,813.375,908.25,17.0297,722568,771816
broadband,192000,64,1,9.942442489979664,293.125,326.583,97.9749,1443464,1541864
broadband,192000,64,2,9.598204151638212,294.125,328.625,98.5875,1443464,1541864
broadband,192000,64,4,9.6957928116713,297.208,327.666,98.2998,1443464,1541864
broadband,192000,64,8,9.181059393995717,302,331.708,99.5124,1443464,1541864
broadband,192000,128,1,9.510971816696578,297.583,328.5,49.275,1443464,1541864
broadband,192000,128,2,7.198091745696544,307.041,328.459,49.2689,1443464,1541864
broadband,192000,128,4,8.801748097095953,306.959,334.625,50.1938,1443464,1541864
broadband,192000,128,8,9.384802289746252,318.292,348.875,52.3312,1443464,1541864
broadband,192000,256,1,10.090749470389525,314.666,339.75,25.4812,1443464,1541864
broadband,192000,256,2,8.640747411587558,316.667,342.208,25.6656,1443464,1541864
broadband,192000,256,4,9.043727256457679,321.125,350.083,26.2562,1443464,1541864
broadband,192000,256,8,9.745995927128615,596.416,656.75,49.2563,1443464,1541864
broadband,192000,512,1,9.187154215149217,325.541,350.958,13.1609,1443464,1541864
broadband,192000,512,2,8.859340868078625,326.083,355.958,13.3484,1443464,1541864
broadband,192000,512,4,8.463576946715223,344.709,372.75,13.9781,1443464,1541864
broadband,192000,512,8,10.235713373090839,889.417,983.291,36.8734,1443464,1541864
