source_hz,shift_st,target_hz,before_amplitude,after_amplitude,before_gain_db,after_gain_db
330,7,494.441,0.149129,0.149718,-0.050583067880309834,-0.016344841489193344
330,12,660,0.146171,0.148947,-0.22460081886241215,-0.06118997424364427
330,19,988.883,0.144711,0.148477,-0.31179428814146887,-0.0886415015446255
330,24,1320,0.139929,0.146912,-0.6036705717933468,-0.18067975939509037
3000,7,4494.92,0.14074,0.147269,-0.5534742472860927,-0.15959842427841486
3000,12,6000,0.149997,0.149997,-0.0001737195299625648,-0.0001737195299625648
3000,19,8989.84,0.136096,0.145621,-0.8449179604350389,-0.257344999364793
3000,24,12000,0.149998,0.149993,-0.00011581263392660347,-0.00040535097470673716
7500,7,11237.3,0.135927,0.14556,-0.8557105444275244,-0.2609842428296684
7500,12,15000,0.15,0.149999,0.0,-5.7906123941440537e-05
7500,19,22474.6,2.49118e-06,0.148943,-95.5937230094884,-0.06142323859326518
11500,7,17230.5,0.135792,0.145493,-0.8643414844620645,-0.26498320257947205
11500,12,23000,6.08125e-07,0.146062,-107.8419680288651,-0.2310803199074966
