render,peak,rms,20-200_power,200-2000_power,2000-5000_power,5000-10000_power,10000-24000_power
bass-growl-dry,0.18017080426216125,0.05018730112782694,0.000682793285960466,0.0017043069492319546,5.694624577437286e-05,4.390457968764831e-19,1.0195203414012216e-18
bass-growl-formant-max,0.2026246041059494,0.03807753278615015,0.0003919247970530513,0.000998105521937061,2.3031516562122944e-05,7.784415688191312e-18,1.2762271997367494e-17
bass-growl-neutral,0.18017080426216125,0.050187300595881494,0.0006827932741640249,0.0017043069095778794,5.694624259835997e-05,4.872742781627459e-18,1.3420546007420962e-17
bass-growl-shift+12,0.1741122603416443,0.04381490614275835,0.0002116119564364084,0.0015676414907206343,5.131725981117989e-05,3.0946439484742494e-05,1.3225274507800723e-17
bass-growl-shift+12-formant,0.11147775501012802,0.03186062046899512,0.000277515244546828,0.0006782433986039133,1.7627681616413386e-05,1.9341525051311593e-06,6.3555636652076146e-18
bass-growl-shift+19,0.2079593986272812,0.04368254843213459,0.00021298350250079052,0.0013779689536293524,0.00020472870721481898,3.7673220999616844e-05,1.5487217456150627e-05
bass-growl-shift+24,0.1805114448070526,0.04415442950781553,3.5213295223328466e-08,0.001407392148254752,0.00040396644484847215,3.839936123748883e-05,3.1545639151750017e-05
bass-growl-shift+7,0.17396163940429688,0.0439549928071181,0.00040189034212630717,0.0014043371485099067,4.944905034429734e-05,1.5354840414543393e-05,1.244749608217815e-17
bass-growl-shift-12,0.12607580423355103,0.03492988647003544,0.0006462698035961014,0.0005422559302777849,4.380724638480702e-06,4.704636735705317e-18,9.787825783360084e-18
bass-growl-smooth-max,0.19834649562835693,0.04277157923917193,0.0005775190323320955,0.001168509145851121,1.7481428129832714e-05,1.1434093106550569e-17,1.2253149258205647e-17
bass-growl-snap-full,0.20057179033756256,0.03924764633671175,0.00045910790290396665,0.0010116951892861518,2.402326142941554e-05,6.680842213014391e-18,1.1600110275373009e-17
bright-saw-dry,0.2565506398677826,0.12648563668350932,8.05154390675414e-10,0.014968735301749955,0.0006958859019505981,0.0002251542448430885,0.0001088400320445285
bright-saw-formant-max,0.3813808858394623,0.12436773402021192,7.789581844869783e-10,0.0145819500142395,0.0006217184335713811,0.00019441134585252302,7.77090801969023e-05
bright-saw-neutral,0.2565506398677826,0.1264856419525621,8.051557902212368e-10,0.014968736605498084,0.0006958859048007845,0.00022515425325000954,0.00010884003577176774
bright-saw-shift+12,0.34108439087867737,0.12208204121038355,1.802704217720739e-14,0.013220355939517982,0.0010328253671961804,0.00042798127566674726,0.00022706851520480756
bright-saw-shift+12-formant,0.220404714345932,0.046923384735999975,9.601230521595453e-15,0.0017705391747047344,0.00022169874148287355,0.00010538300931346255,9.53280761940631e-05
bright-saw-shift+19,0.3441784977912903,0.11881595188501463,3.724378025984493e-15,0.01100779931598481,0.002191379068516671,0.0005766092237831658,0.0003458555931469949
bright-saw-shift+24,0.2524106502532959,0.11800709113844941,3.1544839034276523e-15,0.0108557109268261,0.0017782612981797168,0.0008184056794721172,0.0004779448725167288
bright-saw-shift+7,0.46349629759788513,0.12285117914243701,3.6874594055962163e-13,0.013706585074114798,0.0009221676962829512,0.0003005250979307741,0.00016774888829877176
bright-saw-shift-12,0.4432109594345093,0.12387360964870107,0.009610558459146436,0.005359103080799587,0.00028814213823254923,9.163283626589593e-05,2.8512168221362806e-06
bright-saw-smooth-max,0.3761449456214905,0.12471840097166481,7.777646679038405e-10,0.014804714965230729,0.0005639378326958379,0.0001413339280605518,3.869330360600617e-05
bright-saw-snap-full,0.38473495841026306,0.12530139845947036,7.789534397957303e-10,0.01480378827699226,0.0006297317616816495,0.00019459469744014608,7.815345903965967e-05
chip-dry,0.6742600798606873,0.11692317371270408,1.324302136809136e-13,0.00689062499856258,0.0024418940424366853,0.001994108066836412,0.0023444014459873324
chip-formant-max,0.45576268434524536,0.10022019624188246,5.066488299983632e-12,0.00451671413647748,0.0021281242587166587,0.0014876435814269902,0.0019033153541610373
chip-neutral,0.674260139465332,0.11692317113981926,1.3243243881220813e-13,0.0068906247864497765,0.0024418939111320367,0.001994107952745704,0.002344401294991182
chip-shift+12,0.5427317023277283,0.10709062923574166,5.257298089995554e-13,0.0044401347525047105,0.0018928976379186725,0.0017840633205611315,0.0033525728847365053
chip-shift+12-formant,0.40418919920921326,0.07131988563726592,5.254554937685663e-13,0.000965799698338542,0.0007546708003322446,0.0008369750198710506,0.0025243341204123403
chip-shift+19,0.6507360339164734,0.11086245888528372,5.25368164436891e-13,0.004200564466053294,0.0021760668430329394,0.002275830103704942,0.00365421289454069
chip-shift+24,0.5491856932640076,0.10368391713780456,5.253103229725853e-13,0.0023181237928386043,0.002085748506869458,0.003022153141746374,0.0033359426414912487
chip-shift+7,0.48792749643325806,0.10744445406015775,1.6098610730677428e-12,0.005090568989056054,0.0020527771920247455,0.001780026627148054,0.0026237778184819496
chip-shift-12,0.41997984051704407,0.10947143604396663,0.002452090117052152,0.005133052764089241,0.0022946860974186064,0.0014917291239832091,0.0006206923978666199
chip-smooth-max,0.41900232434272766,0.10396564917171963,1.4299083063514952e-11,0.005994161844829041,0.002268805622996534,0.0011348645458922424,0.0014040065357275556
chip-snap-full,0.4821149706840515,0.10843142847048724,1.3302696908358054e-11,0.005994432358606927,0.002335307588370942,0.0015176296544239065,0.0019121303786313769
color-bass-dry,0.12232580780982971,0.05193507075207183,0.0019629191312201966,0.0006324693379399215,4.44565048949874e-05,7.522911675216532e-06,1.096724626069369e-18
color-bass-formant-max,0.13383135199546814,0.04794809030999231,0.0017220226589420953,0.0005126693094512698,2.8356913588705732e-05,3.085655098691776e-06,1.470738404617493e-17
color-bass-neutral,0.12232580780982971,0.05193507027916818,0.001962919104248797,0.0006324693245513097,4.445650262162902e-05,7.522911225431637e-06,1.47974935245776e-17
color-bass-shift+12,0.1419868767261505,0.04789366909765574,0.0011705958868710922,0.000987202535615415,7.627019395424793e-05,2.6126373462492018e-05,6.564491622557856e-06
color-bass-shift+12-formant,0.07865232974290848,0.02703054008675692,0.000541896373351244,0.00019715844639196133,1.8766100434292437e-05,3.3049985894285203e-06,4.1028074524117415e-07
color-bass-shift+19,0.1361238956451416,0.04964018284409325,1.8650262771679853e-08,0.0022671574341402187,0.0001113861341110051,3.8042105627565125e-05,1.982685921881313e-05
color-bass-shift+24,0.157178595662117,0.047720198345592484,8.841344660084357e-12,0.0020252194240445013,0.00014465864000575942,5.472933284506497e-05,2.6057760559463585e-05
color-bass-shift+7,0.2209688425064087,0.048213201550459814,0.0012443778459351794,0.000961999180534942,5.824778077075997e-05,1.9676166929812003e-05,2.0005221389511432e-14
color-bass-shift-12,0.20843809843063354,0.0450566633071703,0.0017048568559567732,0.00027875497230491993,1.1058676370530301e-05,5.141044047715998e-18,1.1576778368743319e-17
color-bass-smooth-max,0.15843084454536438,0.04825104811937421,0.0017219753921911588,0.000529216030777479,3.161409229172083e-05,3.3646006110750142e-06,1.4673392081408148e-17
color-bass-snap-full,0.13428527116775513,0.04816941279655471,0.0017220226532627548,0.0005287696505155882,2.8869642934020714e-05,3.0698393554696768e-06,1.4708079506817292e-17
dense-stack-dry,0.7009058594703674,0.0695701085606806,6.0499999917265976e-05,0.0009075000022007303,0.001563392740199136,0.0023086072717580764,1.4085409503403042e-17
dense-stack-formant-max,0.2136455625295639,0.05388377298065381,5.355490647935917e-05,0.0007348070673755236,0.0011035569188152926,0.001010581158238206,3.7853991747916305e-17
dense-stack-neutral,0.7009058594703674,0.0695701066478857,6.049999841054693e-05,0.0009074999716475285,0.0015633926431429825,0.002308607126917373,3.909178286296152e-17
dense-stack-shift+12,0.2946457266807556,0.06530288694658112,2.3273707075097576e-10,0.000423472359555953,0.000681327784362009,0.0011309684332760912,0.0020275902839498932
dense-stack-shift+12-formant,0.17027637362480164,0.0447014740392584,9.843548468613011e-11,0.0003700608692567606,0.0006670340670670454,0.0008324361593456482,0.0001278036789869181
dense-stack-shift+19,0.3747280538082123,0.06078440601992072,6.0529263168592095e-12,0.000263092349785582,0.00042018485433487334,0.001517591648239449,0.0014958833923841629
dense-stack-shift+24,0.3660132586956024,0.0628828424277563,6.049785596295405e-12,0.00021386664522480433,0.00031944603851924934,0.0023180335292467477,0.0011035968488568933
dense-stack-shift+7,0.45701098442077637,0.06528199475567736,5.107586390308864e-05,0.0005288028252218773,0.0008513909520398624,0.001490670458944307,0.001339117733933281
dense-stack-shift-12,0.44723397493362427,0.0629581674528001,0.00014048148605934807,0.0014910364771060214,0.0023338183716177224,5.147650650337144e-15,2.035020177572649e-17
dense-stack-smooth-max,0.21520063281059265,0.05424147062783727,5.35583602124626e-05,0.0007311861103638285,0.0006948725268150645,0.0014706442452472389,4.0577202333453655e-17
dense-stack-snap-full,0.21860255300998688,0.05416213791108052,5.355490486972193e-05,0.0007866118543562927,0.001108472874424381,0.0009840039363921689,4.0023203166054445e-17
noisy-harmonic-dry,0.2688826620578766,0.1267042846926056,4.0224202464997705e-07,0.014976029205853298,0.0007024791989061887,0.00023628981731426026,0.00013962002597236675
noisy-harmonic-formant-max,0.4038703143596649,0.12414122035481706,2.594867975741337e-07,0.014568858661429733,0.0005833731616735598,0.00018398882839077872,7.999256235561973e-05
noisy-harmonic-neutral,0.2688826620578766,0.12670428310223528,4.022420005810814e-07,0.014976028775653905,0.0007024791676682951,0.00023628980507084643,0.0001396200180701711
noisy-harmonic-shift+12,0.36665552854537964,0.12217034464054195,8.617821468263007e-08,0.013220358340285539,0.0010270043072161616,0.00043188974473307217,0.0002521416989039828
noisy-harmonic-shift+12-formant,0.1916680485010147,0.04806913174877351,8.21229186407847e-07,0.0017888012128897237,0.00024494397667475134,0.0001292894004585533,0.0001389482847930307
noisy-harmonic-shift+19,0.318278044462204,0.11890532180226493,5.4606154614409955e-08,0.01100553055263353,0.002187945252981728,0.0005788032579912047,0.00037143197703858077
noisy-harmonic-shift+24,0.2750311493873596,0.11797008674123305,3.160132773654959e-08,0.010852882696980985,0.001778637254906173,0.0008182040783948625,0.00047424172529518874
noisy-harmonic-shift+7,0.4230251908302307,0.1229379138007624,1.3635798169375738e-07,0.01370719927651316,0.0009180104275785083,0.00030556387862511544,0.000188629473565362
noisy-harmonic-shift-12,0.40003901720046997,0.12355220786626704,0.00958656639962648,0.00530048836110757,0.0002823299804367598,9.263206528715253e-05,1.2770843885413176e-05
noisy-harmonic-smooth-max,0.38062766194343567,0.12452827508019104,3.839107125888255e-07,0.01480002830411194,0.0005260552788856575,0.00010914706311172437,7.293592535837178e-05
noisy-harmonic-snap-full,0.40934234857559204,0.1250467570983878,3.3767991938417975e-07,0.014788547135950647,0.0005865324376476716,0.00018368319561227507,8.093209224044329e-05
pulse-dry,0.12964126467704773,0.10967688263208403,8.051517501045113e-10,0.011480888086178725,0.0003868021816973843,0.00010592968429682945,5.539782605940481e-05
pulse-formant-max,0.2705865800380707,0.1071238377318415,7.778031307639328e-10,0.01109356905795797,0.00025155842467854936,9.603452185418367e-05,3.69361442476906e-05
pulse-neutral,0.12964126467704773,0.10967688188571874,8.051516728115801e-10,0.01148088794782893,0.00038680216231886267,0.00010592967808261291,5.539782254488523e-05
pulse-shift+12,0.292705237865448,0.1066358086700073,1.822953922954726e-14,0.010410755057906543,0.0005985575594680797,0.0002371760080103526,0.00012837776433133352
pulse-shift+12-formant,0.13880276679992676,0.028609301626906888,2.7387107839176692e-14,0.0006506909274778196,5.886402682104154e-05,4.8551123655725324e-05,5.517499696956073e-05
pulse-shift+19,0.21210595965385437,0.10378901385063109,3.723475272249519e-15,0.00892605297146097,0.0014278847496800706,0.00024162839705409687,0.00017967966424407928
pulse-shift+24,0.24349345266819,0.10344430081938433,3.1575367883326788e-15,0.008806153603614664,0.0012567137150549734,0.0003463448350705552,0.00029429975086080575
pulse-shift+7,0.23432651162147522,0.10713847334450387,2.6955643254099743e-13,0.0108495312359867,0.0003829689270162799,0.00015744502921051943,8.880923469135837e-05
pulse-shift-12,0.22242797911167145,0.10790282964143502,0.009612057193046338,0.0018481500937326777,0.00013650822109638626,4.672819258572714e-05,1.407822976556864e-06
pulse-smooth-max,0.2735992670059204,0.1085077545015199,7.785211501423277e-10,0.01134474283843875,0.0003329538878433048,7.383574774470897e-05,2.7367600553171934e-05
pulse-snap-full,0.27982908487319946,0.10847917976983867,7.778093984633895e-10,0.011343942962937965,0.00028766515965295854,0.0001004694900617414,3.819071074553786e-05
