snap,smooth_ms,expected_hz,observed_hz,amplitude
0,0,280,280,0.15
0,10,280,280,0.15
0,80,280,280,0.15
0,250,280,280,0.15
0,500,280,280,0.15
0.25,0,275.289,275.289,0.141301
0.25,10,275.289,275.289,0.141323
0.25,80,275.289,275.289,0.141167
0.25,250,275.289,275.289,0.141305
0.25,500,275.289,275.289,0.141164
0.5,0,270.657,270.657,0.13651
0.5,10,270.657,270.657,0.136562
0.5,80,270.657,270.657,0.136433
0.5,250,270.657,270.657,0.13633
0.5,500,270.657,270.657,0.136532
0.75,0,266.103,266.103,0.13629
0.75,10,266.103,266.103,0.136302
0.75,80,266.103,266.103,0.136299
0.75,250,266.103,266.103,0.136343
0.75,500,266.103,266.103,0.136355
1,0,261.626,261.626,0.140703
1,10,261.626,261.626,0.14085
1,80,261.626,261.626,0.140598
1,250,261.626,261.626,0.140732
1,500,261.626,261.626,0.14085
